kvk,naam,boekjaar,accountant,sbi,plaats
41178025,"""Stichting Diabetes Fonds""",2024,WITh,86999,
41178025,"""Stichting Diabetes Fonds""",2025,WITh,86999,
18076548,"""STICHTING DIERENLOT""",2018,WITh,88992,
18076548,"""STICHTING DIERENLOT""",2019,WITh,88992,
18076548,"""STICHTING DIERENLOT""",2020,WITh,88992,
18076548,"""STICHTING DIERENLOT""",2021,WITh,88992,
18076548,"""STICHTING DIERENLOT""",2022,WITh,88992,
18076548,"""STICHTING DIERENLOT""",2023,WITh,88992,
18076548,"""STICHTING DIERENLOT""",2024,WITh,88992,
18076548,"""STICHTING DIERENLOT""",2025,WITh,88992,
50331019,"""STICHTING WORLD WIDE ANIMAL RESCUE""",2023,WITh,94997,
41224955,'Stichting Fonds Hartewensen',2013,WITh,88999,
41224955,'Stichting Fonds Hartewensen',2014,WITh,88999,
41224955,'Stichting Fonds Hartewensen',2015,WITh,88999,
41224955,'Stichting Fonds Hartewensen',2016,WITh,88999,
41224955,'Stichting Fonds Hartewensen',2017,WITh,88999,
41224955,'Stichting Fonds Hartewensen',2018,WITh,88999,
41224955,'Stichting Fonds Hartewensen',2019,WITh,88999,
41224955,'Stichting Fonds Hartewensen',2020,WITh,88999,
41224955,'Stichting Fonds Hartewensen',2021,WITh,88999,
41224955,'Stichting Fonds Hartewensen',2022,WITh,88999,
41224955,'Stichting Fonds Hartewensen',2023,WITh,88999,
41224955,'Stichting Fonds Hartewensen',2024,WITh,88999,
41172279,"Angst, Dwang en Fobie Stichting",2011,WITh,88999,
41172279,"Angst, Dwang en Fobie Stichting",2012,WITh,88999,
41150190,Anti-Vivisectie-Stichting,2013,WITh,94996,
41150190,Anti-Vivisectie-Stichting,2014,WITh,94996,
41150190,Anti-Vivisectie-Stichting,2015,WITh,94996,
40407494,Bijbelvereniging voorheen De Nederlandse Gideons,2011,WITh,94911,
40407494,Bijbelvereniging voorheen De Nederlandse Gideons,2012,WITh,94911,
40407494,Bijbelvereniging voorheen De Nederlandse Gideons,2013,WITh,94911,
40407494,Bijbelvereniging voorheen De Nederlandse Gideons,2014,WITh,94911,
40407494,Bijbelvereniging voorheen De Nederlandse Gideons,2015,WITh,94911,
40407494,Bijbelvereniging voorheen De Nederlandse Gideons,2016,WITh,94911,
40407494,Bijbelvereniging voorheen De Nederlandse Gideons,2017,WITh,94911,
41180524,Bond tegen vloeken,2018,WITh,85599,
41180524,Bond tegen vloeken,2019,WITh,85599,
41180524,Bond tegen vloeken,2020,WITh,85599,
87865149,Brunstad Christian Church (BCC) Nederland,2024,WITh,94910,
32080551,ChristenUnie,2013,WITh,9492,
32080551,ChristenUnie,2014,WITh,9492,
32080551,ChristenUnie,2015,WITh,9492,
32080551,ChristenUnie,2020,WITh,94920,
32080551,ChristenUnie,2021,WITh,94920,
32080551,ChristenUnie,2022,WITh,94920,
55222986,Co-Prisma,2012,WITh,94993,
55222986,Co-Prisma,2013,WITh,94993,
55222986,Co-Prisma,2014,WITh,94993,
55222986,Co-Prisma,2015,WITh,94993,
40477281,"Comite Christen Zakenmensen Nederland, Cbmc",2013,WITh,94911,
40477281,"Comite Christen Zakenmensen Nederland, Cbmc",2015,WITh,94911,
40478060,De Gereformeerde Zendingsbond,2015,WITh,94911,
40478060,De Gereformeerde Zendingsbond,2016,WITh,94911,
40478060,De Gereformeerde Zendingsbond,2017,WITh,94911,
09159137,De Veenhoeve,2019,WITh,88103,
09159137,De Veenhoeve,2022,WITh,88103,
27263208,EUROCLIO-De Europese Vereniging voor Geschiedenisonderwijsgevenden,2018,WITH,94997,
27263208,EUROCLIO-De Europese Vereniging voor Geschiedenisonderwijsgevenden,2019,WITH,94997,
27263208,EUROCLIO-De Europese Vereniging voor Geschiedenisonderwijsgevenden,2020,WITH,94997,
27263208,EUROCLIO-De Europese Vereniging voor Geschiedenisonderwijsgevenden,2021,WITH,94997,
27263208,EUROCLIO-De Europese Vereniging voor Geschiedenisonderwijsgevenden,2022,WITH,94997,
27263208,EUROCLIO-De Europese Vereniging voor Geschiedenisonderwijsgevenden,2023,WITH,94997,
41131635,Familiehuis Daniel den Hoed,2018,WITh,88999,
41131635,Familiehuis Daniel den Hoed,2019,WITh,88999,
41131635,Familiehuis Daniel den Hoed,2020,WITh,88999,
41131635,Familiehuis Daniel den Hoed,2021,WITh,88999,
41131635,Familiehuis Daniel den Hoed,2022,WITh,88999,
41131635,Familiehuis Daniel den Hoed,2023,WITh,88999,
41154947,Fonds Kind & Handicap,2018,WITh,94993,
41154947,Fonds Kind & Handicap,2019,WITh,94993,
41154947,Fonds Kind & Handicap,2020,WITh,94993,
41154947,Fonds Kind & Handicap,2021,WITh,94993,
41154947,Fonds Kind & Handicap,2022,WITh,94993,
41154947,Fonds Kind & Handicap,2023,WITh,94993,
41154947,Fonds Kind & Handicap,2024,WITh,94993,
41154947,Fonds Kind & Handicap,2025,WITh,94993,
41125354,G.Ph. Verhagen-Stichting,2020,WITh,88999,
41125354,G.Ph. Verhagen-Stichting,2022,WITh,88999,
40477581,Gereformeerde Bond tot verbreiding en verdediging van de Waarheid in de Protestantse Kerk in Nederland,2024,WITh,94910,
85919950,Gezinshuis El Noor B.V.,2022,Kooy; WITh,87991,
85919950,Gezinshuis El Noor B.V.,2024,WITh,87991,
40538715,Goede Doelen Nederland,2015,WITh,94997,
40538715,Goede Doelen Nederland,2016,WITh,94997,
40538715,Goede Doelen Nederland,2017,WITh,94997,
40538715,Goede Doelen Nederland,2018,WITh,94997,
40538715,Goede Doelen Nederland,2019,WITh,94997,
40538715,Goede Doelen Nederland,2020,WITh,94997,
40538715,Goede Doelen Nederland,2021,WITh,94997,
40538715,Goede Doelen Nederland,2022,WITh,94997,
40538715,Goede Doelen Nederland,2023,WITh,94997,
40538715,Goede Doelen Nederland,2024,WITh,94997,
40478060,GZB,2018,WITh,94910,
40478060,GZB,2019,WITh,94910,
40478060,GZB,2020,WITh,94910,
40478060,GZB,2022,WITh,94910,
40478060,GZB,2023,WITh,94910,
40478060,GZB,2024,WITh,94910,
40478060,GZB,2025,WITh,94910,
32083816,Hospice Dôme,2020,WITh,87100,
40535091,IFES-Nederland,2016,WITh,94911,
40535091,IFES-Nederland,2017,WITh,94911,
40535091,IFES-Nederland,2018,WITh,94910,
40535091,IFES-Nederland,2019,WITh,94910,
40535091,IFES-Nederland,2020,WITh,94910,
40535091,IFES-Nederland,2021,WITh,94910,
40535091,IFES-Nederland,2022,WITh,94910,
40535091,IFES-Nederland,2023,WITh,94910,
40535091,IFES-Nederland,2024,WITh,94910,
30284694,IKNL,2020,WITh,86221,
30284694,IKNL,2022,WITh,86221,
30284694,IKNL,2023,WITh,86221,
30284694,IKNL,2024,WITh,86221,
30284694,IKNL,2025,WITh,86221,
34134902,Ingeborg Douwes Stichting,2012,WITh,94993,
34134902,Ingeborg Douwes Stichting,2013,WITh,94993,
34134902,Ingeborg Douwes Stichting,2014,WITh,94993,
34134902,Ingeborg Douwes Stichting,2015,WITh,94993,
34134902,Ingeborg Douwes Stichting,2016,WITh,94993,
34134902,Ingeborg Douwes Stichting,2017,WITh,94993,
34134902,Ingeborg Douwes Stichting,2018,WITh,94993,
34134902,Ingeborg Douwes Stichting,2019,WITh,94993,
34134902,Ingeborg Douwes Stichting,2020,WITh,94993,
34134902,Ingeborg Douwes Stichting,2021,WITh,94993,
34134902,Ingeborg Douwes Stichting,2022,WITh,94993,
34134902,Ingeborg Douwes Stichting,2023,WITh,94993,
40478278,IZB - Vereniging voor zending in Nederland,2022,WITh,47110,
40478278,IZB - Vereniging voor zending in Nederland,2023,WITh,47110,
40478278,IZB - Vereniging voor zending in Nederland,2024,WITh,47110,
41038284,Jeugd met een Opdracht - Heidebeek,2017,WITh,68203,
41038284,Jeugd met een Opdracht - Heidebeek,2018,WITh,68203,
41038284,Jeugd met een Opdracht - Heidebeek,2019,WITh,68203,
41038284,Jeugd met een Opdracht - Heidebeek,2020,WITh,68203,
41038284,Jeugd met een Opdracht - Heidebeek,2021,WITh,68203,
41038284,Jeugd met een Opdracht - Heidebeek,2022,WITh,68203,
41038284,Jeugd met een Opdracht - Heidebeek,2023,WITh,68203,
41038284,Jeugd met een Opdracht - Heidebeek,2024,WITh,68203,
76028674,Land van Ons Coöperatie U.A.,2024,WITh,47272,
35029698,Medair Nederland,2018,WITh,88999,
35029698,Medair Nederland,2019,WITh,88999,
35029698,Medair Nederland,2020,WITh,88999,
35029698,Medair Nederland,2022,WITh,88999,
35029698,Medair Nederland,2023,WITh,88999,
35029698,Medair Nederland,2024,WITh,88999,
41040806,Mercy Ships Nederland,2018,WITh,82100,
41040806,Mercy Ships Nederland,2019,WITh,82100,
41040806,Mercy Ships Nederland,2020,WITh,82100,
41040806,Mercy Ships Nederland,2021,WITh,82100,
41040806,Mercy Ships Nederland,2022,WITh,82100,
41040806,Mercy Ships Nederland,2023,WITh,82100,
41040806,Mercy Ships Nederland,2024,WITh,82100,
41040806,Mercy Ships Nederland,2025,WITh,82100,
40119250,MMV Natuurlijke kankerpreventie en Ondersteunende therapieën,2017,WITH,94995,
40119250,MMV Natuurlijke kankerpreventie en Ondersteunende therapieën,2018,WITH,94995,
40119250,MMV Natuurlijke kankerpreventie en Ondersteunende therapieën,2019,WITH,94995,
40119250,MMV Natuurlijke kankerpreventie en Ondersteunende therapieën,2020,WITH,94995,
40119250,MMV Natuurlijke kankerpreventie en Ondersteunende therapieën,2021,WITH,94995,
40119250,MMV Natuurlijke kankerpreventie en Ondersteunende therapieën,2022,WITH,94995,
34123985,Nationale St. ter Bevordering van Vrolijkheid,2018,WITh,88999,
34123985,Nationale St. ter Bevordering van Vrolijkheid,2019,WITh,88999,
34123985,Nationale St. ter Bevordering van Vrolijkheid,2020,WITh,88999,
34123985,Nationale St. ter Bevordering van Vrolijkheid,2021,WITh,88999,
34123985,Nationale St. ter Bevordering van Vrolijkheid,2022,WITh,88999,
34123985,Nationale St. ter Bevordering van Vrolijkheid,2023,WITh,88999,
34123985,Nationale St. ter Bevordering van Vrolijkheid,2024,WITh,88999,
34123985,Nationale Stichting ter Bevordering van Vrolijkheid,2017,WITh,88999,
34049013,Nederlands Bijbelgenootschap,2013,WITh,94996,
34049013,Nederlands Bijbelgenootschap,2014,WITh,94996,
34049013,Nederlands Bijbelgenootschap,2015,WITh,94996,
34049013,Nederlands Bijbelgenootschap,2016,WITh,94996,
34049013,Nederlands Bijbelgenootschap,2017,WITh,94996,
34049013,NEDERLANDS-VLAAMS BIJBELGENOOTSCHAP,2018,WITh,94996,
34049013,NEDERLANDS-VLAAMS BIJBELGENOOTSCHAP,2019,WITh,94996,
34049013,NEDERLANDS-VLAAMS BIJBELGENOOTSCHAP,2020,WITh,94996,
34049013,NEDERLANDS-VLAAMS BIJBELGENOOTSCHAP,2021,WITh,94996,
34049013,NEDERLANDS-VLAAMS BIJBELGENOOTSCHAP,2022,WITh,94996,
34049013,NEDERLANDS-VLAAMS BIJBELGENOOTSCHAP,2023,WITh,94996,
34049013,NEDERLANDS-VLAAMS BIJBELGENOOTSCHAP,2024,WITh,94996,
09113081,Nederlandse Adoptie Stichting,2020,WITh,88999,
41188408,Nederlandse Cystic Fibrosis Stichting,2019,WITh,88999,
41188408,Nederlandse Cystic Fibrosis Stichting,2020,WITh,88999,
41188408,Nederlandse Cystic Fibrosis Stichting,2022,WITh,88999,
41188408,Nederlandse Cystic Fibrosis Stichting,2023,WITh,88999,
41188408,Nederlandse Cystic Fibrosis Stichting,2024,WITh,88999,
41199157,NEDERLANDSE STICHTING VOOR HET GEHANDICAPTE KIND,2018,WITh,88103,
41199157,NEDERLANDSE STICHTING VOOR HET GEHANDICAPTE KIND,2019,WITh,88103,
41199157,NEDERLANDSE STICHTING VOOR HET GEHANDICAPTE KIND,2020,WITh,88103,
41199157,NEDERLANDSE STICHTING VOOR HET GEHANDICAPTE KIND,2021,WITh,88103,
41199157,NEDERLANDSE STICHTING VOOR HET GEHANDICAPTE KIND,2022,WITh,88103,
41199157,NEDERLANDSE STICHTING VOOR HET GEHANDICAPTE KIND,2023,WITh,88103,
41199157,NEDERLANDSE STICHTING VOOR HET GEHANDICAPTE KIND,2024,WITh,88103,
41199157,NEDERLANDSE STICHTING VOOR HET GEHANDICAPTE KIND,2025,WITh,88103,
40530315,Partij van de Arbeid,2017,WITh,9492,
40530315,Partij van de Arbeid,2018,WITh,94920,
40530315,Partij van de Arbeid,2019,WITh,94920,
40530315,Partij van de Arbeid,2020,WITh,94920,
40530315,Partij van de Arbeid,2021,WITh,94920,
40530315,Partij van de Arbeid,2022,WITh,94920,
53234480,Pauselijke Missiewerken Nederland,2017,WITh,94910,
53234480,Pauselijke Missiewerken Nederland,2018,WITh,94910,
53234480,Pauselijke Missiewerken Nederland,2019,WITh,94910,
53234480,Pauselijke Missiewerken Nederland,2020,WITh,94910,
53234480,Pauselijke Missiewerken Nederland,2022,WITh,94910,
11049636,Prisma,2009,WITh,94911,
11049636,Prisma,2010,WITh,94911,
11049636,Prisma,2011,WITh,94911,
11049636,Prisma,2012,WITh,94911,
11049636,Prisma,2014,WITh,94911,
11049636,Prisma,2015,WITh,94911,
17213378,Radio Maria Nederland,2012,WITh,6010,
17213378,Radio Maria Nederland,2020,WITh,60100,
17213378,Radio Maria Nederland,2021,WITh,60100,
17213378,Radio Maria Nederland,2022,WITh,60100,
41186396,Retraitecentrum De Spil,2019,WITh,94910,
41186396,Retraitecentrum De Spil,2020,WITh,94910,
41186396,Retraitecentrum De Spil,2022,WITh,94910,
41186396,Retraitecentrum De Spil,2023,WITh,94910,
41160178,Samenwerkingsverband Exodus Nederland,2016,WITh Accountants,88992,
41160178,Samenwerkingsverband Exodus Nederland,2017,WITh,87902,
41160178,Samenwerkingsverband Exodus Nederland,2018,WITh,87902,
41160178,Samenwerkingsverband Exodus Nederland,2019,WITh,,
41160178,Samenwerkingsverband Exodus Nederland,2020,WITh,,
41160178,Samenwerkingsverband Exodus Nederland,2021,WITh,,
41152664,"Stichting ""Hart voor Haiti""",2018,WITh,94996,
41152664,"Stichting ""Hart voor Haiti""",2019,WITh,94996,
41152664,"Stichting ""Hart voor Haiti""",2020,WITh,94996,
41152664,"Stichting ""Hart voor Haiti""",2021,WITh,94996,
41152664,"Stichting ""Hart voor Haiti""",2022,WITh,94996,
41152664,"Stichting ""Hart voor Haiti""",2023,WITh,94996,
05027214,"Stichting ""Vrije Evangelisatie Zwolle""",2024,WITh,94910,
41003183,"Stichting ""World Servants Nederland""",2017,WITh,88992,
41003183,"Stichting ""World Servants Nederland""",2018,WITh,88992,
41003183,"Stichting ""World Servants Nederland""",2019,WITh,88992,
41003183,"Stichting ""World Servants Nederland""",2020,WITh,88992,
41003183,"Stichting ""World Servants Nederland""",2021,WITh,88992,
41178021,Stichting 'De Navigators',2014,WITh,94911,
41178021,Stichting 'De Navigators',2015,WITh,94911,
41178021,Stichting 'De Navigators',2016,WITh,94911,
41152664,Stichting 'Hart voor Haiti',2013,WITh,94996,
24380110,Stichting 'Hoedje van Papier',2012,WITh,88993,
24380110,Stichting 'Hoedje van Papier',2013,WITh,88993,
24380110,Stichting 'Hoedje van Papier',2014,WITh,88993,
24380110,Stichting 'Hoedje van Papier',2015,WITh,88993,
24380110,Stichting 'Hoedje van Papier',2016,WITh,88993,
64692566,Stichting 'Nieuw Sion' te Diepenveen,2021,WITh,91220,
64692566,Stichting 'Nieuw Sion' te Diepenveen,2022,WITh,91220,
64692566,Stichting 'Nieuw Sion' te Diepenveen,2023,WITh,91220,
64692566,Stichting 'Nieuw Sion' te Diepenveen,2024,WITh,91220,
41003183,Stichting 'World Servants Nederland',2011,WITh,88993,
41003183,Stichting 'World Servants Nederland',2012,WITh,88993,
41003183,Stichting 'World Servants Nederland',2013,WITh,88993,
41003183,Stichting 'World Servants Nederland',2014,WITh,88993,
41003183,Stichting 'World Servants Nederland',2015,WITh,88993,
41003183,Stichting 'World Servants Nederland',2016,WITh,88993,
64358070,Stichting 100WEEKS,2019,WITh,94997,
64358070,Stichting 100WEEKS,2020,WITh,94997,
64358070,Stichting 100WEEKS,2022,WITh,94997,
64358070,Stichting 100WEEKS,2023,WITh,94997,
64358070,Stichting 100WEEKS,2024,WITh,94997,
41192798,Stichting 3xM,2018,WITh,94910,
41192798,Stichting 3xM,2019,WITh,94910,
41192798,Stichting 3xM,2020,WITh,94910,
41192798,Stichting 3xM,2021,WITh,94910,
41192798,Stichting 3xM,2022,WITh,94910,
41192798,Stichting 3xM,2023,WITh,94910,
41179399,Stichting 3xM Levensmiddelen,2016,WITh,94993,
41179399,Stichting 3xM Levensmiddelen,2017,WITh,94993,
41179399,Stichting 3xM Levensmiddelen,2018,WITh,94993,
41179399,Stichting 3xM Levensmiddelen,2019,WITh,94993,
41179399,Stichting 3xM Levensmiddelen,2020,WITh,94993,
41179399,Stichting 3xM Levensmiddelen,2022,WITh,94993,
41179399,Stichting 3xM Levensmiddelen,2023,WITh,94993,
41177239,Stichting Agape (voorheen Instituut voor Evangelisatie),2008,With,94911,
41177239,Stichting Agape (voorheen Instituut voor Evangelisatie),2009,With,94911,
41177239,Stichting Agape (voorheen Instituut voor Evangelisatie),2010,With,94911,
41177239,Stichting Agape (voorheen Instituut voor Evangelisatie),2011,With,94911,
41177239,Stichting Agape (voorheen Instituut voor Evangelisatie),2012,WITh,94911,
41177239,Stichting Agape (voorheen Instituut voor Evangelisatie),2013,WITh,94911,
41177239,Stichting Agapè,2014,WITh,94911,
41177239,Stichting Agapè,2015,WITh,94911,
41177239,Stichting Agapè,2016,WITh,94911,
41177239,Stichting Agapè,2017,WITh,94911,
41177239,Stichting Agapè,2018,WITh,94910,
41177239,Stichting Agapè,2019,WITh,94910,
41177239,Stichting Agapè,2020,WITh,94910,
41177239,Stichting Agapè,2021,WITh,94910,
41177239,Stichting Agapè,2022,WITh,94910,
41177239,Stichting Agapè,2024,WITh,94910,
41048542,Stichting Agriterra,2022,WITh,94996,
27245105,Stichting Aprisco,2008,WITh,7112,
27245105,Stichting Aprisco,2009,WITh,7112,
27245105,Stichting Aprisco,2010,WITh,7112,
27245105,Stichting Aprisco,2011,WITh,7112,
27245105,Stichting Aprisco,2012,WITh,7112,
27245105,Stichting Aprisco,2013,WITh,7112,
27245105,Stichting Aprisco,2014,WITh,7112,
27245105,Stichting Aprisco,2015,WITh,7112,
27245105,Stichting Aprisco,2016,WITh,7112,
27248417,Stichting Aqua for All,2023,WITh,71120,
55209882,Stichting Armoedefonds,2018,WITh,94993,
55209882,Stichting Armoedefonds,2019,WITh,94993,
55209882,Stichting Armoedefonds,2020,WITh,94993,
55209882,Stichting Armoedefonds,2021,WITh,94993,
55209882,Stichting Armoedefonds,2022,WITh,94993,
55209882,Stichting Armoedefonds,2023,WITh,94993,
55209882,Stichting Armoedefonds,2024,WITh,94993,
55209882,Stichting Armoedefonds,2025,WITh,94993,
27183084,Stichting AVS Proefdiervrij,2008,With,94996,
27183084,Stichting AVS Proefdiervrij,2009,With,94996,
27183084,Stichting AVS Proefdiervrij,2010,With,94996,
27183084,Stichting AVS Proefdiervrij,2011,With,94996,
27183084,Stichting AVS Proefdiervrij,2012,With,94996,
27183084,Stichting AVS Proefdiervrij,2013,With,94996,
27183084,Stichting AVS Proefdiervrij,2014,With,94996,
27183084,Stichting AVS Proefdiervrij,2015,With,94996,
27183084,Stichting AVS Proefdiervrij,2016,WITh,94996,
27183084,Stichting AVS Proefdiervrij,2017,With,94996,
27183084,Stichting AVS Proefdiervrij,2019,WITh,94996,
27183084,Stichting AVS Proefdiervrij,2020,WITh,94996,
27183084,Stichting AVS Proefdiervrij,2021,WITh,94996,
27183084,Stichting AVS Proefdiervrij,2023,WITh,94996,
27183084,Stichting AVS Proefdiervrij,2024,WITh,94996,
40476190,Stichting Bartiméus Fonds,2017,WITh,88999,
40476190,Stichting Bartiméus Fonds,2018,WITh,88999,
40476190,Stichting Bartiméus Fonds,2019,WITh,88999,
40476190,Stichting Bartiméus Fonds,2020,WITh,88999,
40476190,Stichting Bartiméus Fonds,2021,WITh,88999,
40476190,Stichting Bartiméus Fonds,2022,WITh,88999,
40476190,Stichting Bartiméus Fonds,2023,WITh,88999,
40476190,Stichting Bartiméus Fonds,2024,WITh,88999,
40476190,Stichting Bartiméus Fonds,2025,WITh,88999,
34121286,Stichting Bits of Freedom (Bof),2011,WITh,69102,
34121286,Stichting Bits of Freedom (Bof),2012,WITh,69102,
34121286,Stichting Bits of Freedom (Bof),2013,WITh,69102,
34121286,Stichting Bits of Freedom (Bof),2014,WITh,69102,
34121286,Stichting Bits of Freedom (Bof),2015,WITh,69102,
34121286,Stichting Bits of Freedom (Bof),2016,WITh,69102,
34121286,Stichting Bits of Freedom (Bof),2017,WITh,69102,
34121286,Stichting Bits of Freedom (Bof),2018,WITh,69102,
34121286,Stichting Bits of Freedom (Bof),2019,WITh,69102,
34121286,Stichting Bits of Freedom (Bof),2020,WITh,69102,
34121286,Stichting Bits of Freedom (Bof),2021,WITh,69102,
34121286,Stichting Bits of Freedom (Bof),2022,WITh,69102,
41180524,Stichting Bond tegen het Schenden van Gods Heilige Naam,2010,WITh,85599,
41180524,Stichting Bond tegen het Schenden van Gods Heilige Naam,2012,WITh,85599,
41180524,Stichting Bond tegen het Schenden van Gods Heilige Naam,2013,WITh,85599,
41180524,Stichting Bond tegen het Schenden van Gods Heilige Naam,2014,WITh,85599,
41180524,Stichting Bond tegen het Schenden van Gods Heilige Naam,2015,WITh,85599,
41180524,Stichting Bond tegen het Schenden van Gods Heilige Naam,2016,WITh,85599,
41180524,Stichting Bond tegen het Schenden van Gods Heilige Naam,2017,WITh,85599,
41095498,Stichting Brabantse Milieufederatie,2014,WITh,94996,
41095498,Stichting Brabantse Milieufederatie,2015,WITh,94996,
41095498,Stichting Brabantse Milieufederatie,2016,WITh,94996,
41095498,Stichting Brabantse Milieufederatie,2017,WITh,94996,
41095498,Stichting Brabantse Milieufederatie,2018,WITh,94996,
41095498,Stichting Brabantse Milieufederatie,2019,WITh,94996,
41095498,Stichting Brabantse Milieufederatie,2020,WITh,94996,
41095498,Stichting Brabantse Milieufederatie,2021,WITh,94996,
41095498,Stichting Brabantse Milieufederatie,2022,WITh,94996,
41095498,Stichting Brabantse Milieufederatie,2023,WITh,94996,
41095498,Stichting Brabantse Milieufederatie,2024,WITh,94996,
51358131,Stichting Breakthrough T1D Nederland,2019,WITh,86999,
51358131,Stichting Breakthrough T1D Nederland,2020,WITh,86999,
51358131,Stichting Breakthrough T1D Nederland,2021,WITh,86999,
51358131,Stichting Breakthrough T1D Nederland,2022,WITh,86999,
51358131,Stichting Breakthrough T1D Nederland,2023,WITh,86999,
51358131,Stichting Breakthrough T1D Nederland,2024,WITh,86999,
41178941,Stichting CAMA Zending,2024,WITh,94910,
41028087,Stichting CGN Almelo,2022,WITh,94910,
41028087,Stichting CGN Almelo,2023,WITh,94910,
41024532,Stichting CGN Flevoland,2023,WITh,94910,
41024532,Stichting CGN Flevoland,2024,WITh,94910,
41009971,Stichting CGN GRONINGEN,2022,WITh,,
41009971,Stichting CGN GRONINGEN,2023,WITh,,
41009971,Stichting CGN GRONINGEN,2024,WITh,,
41127541,Stichting CGN Rotterdam,2022,WITh,94910,
41127541,Stichting CGN Rotterdam,2023,WITh,94910,
41127541,Stichting CGN Rotterdam,2024,WITh,94910,
41223099,Stichting CGN Schermer,2022,WITh,94910,
41223099,Stichting CGN Schermer,2023,WITh,94910,
41038492,Stichting CGN Terwolde,2022,WITh,94910,
41038492,Stichting CGN Terwolde,2023,WITh,94910,
41027732,Stichting CGN Usselo,2022,WITh,94910,
41027732,Stichting CGN Usselo,2023,WITh,94910,
41027732,Stichting CGN Usselo,2024,WITh,94910,
41179537,Stichting CGN Utrecht,2022,WITh,94910,
41179537,Stichting CGN Utrecht,2023,WITh,94910,
41179537,Stichting CGN Utrecht,2024,WITh,94910,
08120217,Stichting Christelijke Gemeente Nederland (CGN),2019,WITh,94910,
08120217,Stichting Christelijke Gemeente Nederland (CGN),2020,WITh,94910,
08120217,Stichting Christelijke Gemeente Nederland (CGN),2022,WITh,94910,
08120217,Stichting Christelijke Gemeente Nederland (CGN),2023,WITh,94910,
08120217,Stichting Christelijke Gemeente Nederland (CGN),2024,WITh,94910,
41192798,Stichting Christelijke Media Projecten,2014,WITh,94911,
41192798,Stichting Christelijke Media Projecten,2015,WITh,94911,
41192798,Stichting Christelijke Media Projecten,2016,WITh,94911,
41192798,Stichting Christelijke Media Projecten,2017,WITh,94911,
64731294,Stichting Christian Refugee Relief,2024,WITh,88992,
86795341,Stichting Clim-Eat,2024,WITh,94996,
41182114,Stichting CoMensha,2019,WITh,94997,
41182114,Stichting CoMensha,2021,WITh,94997,
41182114,Stichting CoMensha,2022,WITh,94997,
41182114,Stichting CoMensha,2023,WITh,94997,
41182114,Stichting CoMensha,2024,WITh,94997,
86741853,Stichting Cultural Emergency Response (CER),2023,WITh,91220,
41103960,Stichting De Luchtballon,2009,WITh,55202,
41103960,Stichting De Luchtballon,2010,WITh,55202,
41103960,Stichting De Luchtballon,2011,WITh,55202,
41178021,Stichting De Navigators,2017,WITh,94910,
41178021,Stichting De Navigators,2018,WITh,94910,
41178021,Stichting De Navigators,2019,WITh,94910,
41178021,Stichting De Navigators,2020,WITh,94910,
41178021,Stichting De Navigators,2021,WITh,94910,
41178021,Stichting De Navigators,2022,WITh,94910,
41178021,Stichting De Navigators,2023,WITh,94910,
09064638,Stichting De Pietersberg,2021,WITh,87992,
09064638,Stichting De Pietersberg,2022,WITh,87992,
09064638,Stichting De Pietersberg,2023,WITh,87992,
09064638,Stichting De Pietersberg,2024,WITh,87992,
34250056,Stichting Diabetes Onderzoek Nederland,2019,WITh,94993,
34250056,Stichting Diabetes Onderzoek Nederland,2020,WITh,94993,
34250056,Stichting Diabetes Onderzoek Nederland,2022,WITh,94993,
34250056,Stichting Diabetes Onderzoek Nederland,2023,WITh,94993,
34250056,Stichting Diabetes Onderzoek Nederland,2024,WITh,94993,
23091238,Stichting Diaconaal Maatschappelijk Werk Alblasserwaard & Vijfheerenlanden,2022,WITh,94911,
41160048,Stichting Diensten voor Goede Doelen,2016,WITh,88999,
41160048,Stichting Diensten voor Goede Doelen,2017,WITh,88999,
41160048,Stichting Diensten voor Goede Doelen,2018,WITh,88999,
41160048,Stichting Diensten voor Goede Doelen,2019,WITh,88999,
41160048,Stichting Diensten voor Goede Doelen,2020,WITh,88999,
41160048,Stichting Diensten voor Goede Doelen,2021,WITh,88999,
41160048,Stichting Diensten voor Goede Doelen,2022,WITh,88999,
41160048,Stichting Diensten voor Goede Doelen,2023,WITh,88999,
41152567,Stichting Dierenrecht,2011,WITh,69102,
41152567,Stichting Dierenrecht,2012,WITh,69102,
41152567,Stichting Dierenrecht,2013,WITh,69102,
41236410,Stichting Dorcas Aid International,2015,WITh,94996,
41236410,Stichting Dorcas Aid International,2016,WITh,94996,
41236410,Stichting Dorcas Aid International,2017,WITh,94996,
41236410,Stichting Dorcas Aid International,2018,WITh,94996,
41236410,Stichting Dorcas Aid International,2019,WITh,94996,
41236410,Stichting Dorcas Aid International,2020,WITh,94996,
41236410,Stichting Dorcas Aid International,2021,WITh,94996,
41236410,Stichting Dorcas Aid International,2022,WITh,94996,
41236410,Stichting Dorcas Aid International,2023,WITh,94996,
41236410,Stichting Dorcas Aid International,2024,WITh,94996,
41236410,Stichting Dorcas Aid International,2025,WITh,94996,
41128623,Stichting Erasmus MC Foundation,2015,WITh,88999,
41128623,Stichting Erasmus MC Foundation,2016,WITh,88999,
41128623,Stichting Erasmus MC Foundation,2018,WITh,88999,
41128623,Stichting Erasmus MC Foundation,2019,WITh,88999,
41128623,Stichting Erasmus MC Foundation,2020,WITh,88999,
41128623,Stichting Erasmus MC Foundation,2021,WITh,88999,
41128623,Stichting Erasmus MC Foundation,2022,WITh,88999,
41128623,Stichting Erasmus MC Foundation,2023,WITh,88999,
41128623,Stichting Erasmus MC Foundation,2024,WITh,88999,
41128623,Stichting Erasmus MC Foundation,2025,WITh,88999,
41192079,Stichting Evangelische Hogeschool,2014,WITh,8541,
41192079,Stichting Evangelische Hogeschool,2015,WITh,8541,
41192079,Stichting Evangelische Hogeschool,2017,WITh,8541,
41192079,Stichting Evangelische Hogeschool,2018,WITh,8541,
41192079,Stichting Evangelische Hogeschool,2019,WITh,85401,
41192079,Stichting Evangelische Hogeschool,2020,WITh,85401,
17102983,Stichting Exodus 's-Hertogenbosch,2016,WITh,88992,
41241776,Stichting Exodus Alkmaar,2016,WITh,88992,
41187537,Stichting Exodus Midden Nederland,2016,WITh,88992,
41187537,Stichting Exodus Midden Nederland,2018,WITh,87902,
41187537,Stichting Exodus Nederland,2019,WITh,87992,
41187537,Stichting Exodus Nederland,2020,WITh,87992,
41187537,Stichting Exodus Nederland,2021,WITh,87992,
41187537,Stichting Exodus Nederland,2022,WITh,87992,
41187537,Stichting Exodus Nederland,2023,WITh,87992,
61402311,Stichting Exodus Noord en Oost Nederland (ENO),2016,WITh,87902,
61402311,Stichting Exodus Noord en Oost Nederland (ENO),2017,WITh,87902,
61402311,Stichting Exodus Noord en Oost Nederland (ENO),2018,WITh,87902,
61402311,Stichting Exodus Noord en Oost Nederland (ENO),2019,WITh,,
61402311,Stichting Exodus Noord en Oost Nederland (ENO),2020,WITh,,
61402311,Stichting Exodus Noord en Oost Nederland (ENO),2021,WITh,,
41217578,Stichting Exodus Noord-Holland,2016,WITh,87902,
41217578,Stichting Exodus Noord-Holland,2017,WITh,87902,
41217578,Stichting Exodus Noord-Holland,2018,WITh,87902,
41217578,Stichting Exodus Noord-Holland,2019,WITh,,
41217578,Stichting Exodus Noord-Holland,2020,WITh,,
41217578,Stichting Exodus Noord-Holland,2021,WITh,,
41152777,Stichting Exodus Zuid-Holland,2016,WITh,87902,
41152777,Stichting Exodus Zuid-Holland,2017,WITh,87902,
41152777,Stichting Exodus Zuid-Holland,2020,WITh,,
14081343,Stichting Exodus Zuid-Limburg,2016,WITh,94997,
12046994,Stichting Exodus Zuid-Nederland,2016,WITh,94997,
12046994,Stichting Exodus Zuid-Nederland,2017,WITh,94997,
12046994,Stichting Exodus Zuid-Nederland,2018,WITh,94997,
12046994,Stichting Exodus Zuid-Nederland,2019,WITh,,
12046994,Stichting Exodus Zuid-Nederland,2020,WITh,,
12046994,Stichting Exodus Zuid-Nederland,2021,WITh,,
41131635,Stichting Familiehuis Daniel den Hoed,2006,With,88999,
41131635,Stichting Familiehuis Daniel den Hoed,2007,With,88999,
41131635,Stichting Familiehuis Daniel den Hoed,2008,With,88999,
41131635,Stichting Familiehuis Daniel den Hoed,2009,With,88999,
41131635,Stichting Familiehuis Daniel den Hoed,2010,With,88999,
41131635,Stichting Familiehuis Daniel den Hoed,2011,With,88999,
41131635,Stichting Familiehuis Daniel den Hoed,2012,With,88999,
41131635,Stichting Familiehuis Daniel den Hoed,2014,WITh,88999,
41131635,Stichting Familiehuis Daniel den Hoed,2015,WITh,88999,
41131635,Stichting Familiehuis Daniel den Hoed,2016,WITh,88999,
41131635,Stichting Familiehuis Daniel den Hoed,2017,WITh,88999,
41200183,STICHTING FOUNDATION MAX VAN DER STOEL (FMS),2018,WITh,94920,
41200183,STICHTING FOUNDATION MAX VAN DER STOEL (FMS),2019,WITh,94920,
41200183,STICHTING FOUNDATION MAX VAN DER STOEL (FMS),2020,WITh,94920,
41200183,STICHTING FOUNDATION MAX VAN DER STOEL (FMS),2021,WITh,94920,
41200183,STICHTING FOUNDATION MAX VAN DER STOEL (FMS),2022,WITh,94920,
41200183,"Stichting Foundation Max van der Stoel For Democracy, Development and Dialogue (FMS)",2015,WITh,9492,
41200183,"Stichting Foundation Max van der Stoel For Democracy, Development and Dialogue (FMS)",2016,WITh,9492,
41200183,"Stichting Foundation Max van der Stoel For Democracy, Development and Dialogue (FMS)",2017,WITh,9492,
30243239,Stichting Global Aid Network Holland,2010,WITh,94919,
30243239,Stichting Global Aid Network Holland,2012,WITh,94919,
30243239,Stichting Global Aid Network Holland,2013,WITh,94919,
30243239,Stichting Global Aid Network Holland,2014,WITh,94919,
30243239,Stichting Global Aid Network Holland,2015,WITh,94919,
30243239,Stichting Global Aid Network Holland,2016,WITh,94919,
30243239,Stichting Global Aid Network Holland,2017,WITh,94919,
30243239,Stichting Global Aid Network Holland,2019,WITh,94996,
30243239,Stichting Global Aid Network Holland,2020,WITh,94996,
30243239,Stichting Global Aid Network Holland,2021,WITh,94996,
30243239,Stichting Global Aid Network Holland,2022,WITh,94996,
30243239,Stichting Global Aid Network Holland,2023,WITh,94996,
30243239,Stichting Global Aid Network Holland,2024,WITh,94996,
30243239,Stichting Global Aid Network Holland,2025,WITh,94996,
60103450,Stichting GlobalRize Nederland,2019,WITh,94910,
60103450,Stichting GlobalRize Nederland,2020,WITh,94910,
60103450,Stichting GlobalRize Nederland,2021,WITh,94910,
60103450,Stichting GlobalRize Nederland,2022,WITh,94910,
60103450,Stichting GlobalRize Nederland,2023,WITh,94910,
60103450,Stichting GlobalRize Nederland,2024,WITh,94910,
41226182,Stichting Habitat for Humanity Nederland,2015,WITh,94996,
41226182,Stichting Habitat for Humanity Nederland,2017,WITh,94996,
41226182,Stichting Habitat for Humanity Nederland,2018,WITh,94996,
41226182,Stichting Habitat for Humanity Nederland,2019,WITh,94996,
41226182,Stichting Habitat for Humanity Nederland,2020,WITh,94996,
41226182,Stichting Habitat for Humanity Nederland,2021,WITh,94996,
41226182,Stichting Habitat for Humanity Nederland,2022,WITh,94996,
41226182,Stichting Habitat for Humanity Nederland,2023,WITh,94996,
32136226,Stichting Hart voor Kinderen,2016,WITh,88999,
32136226,Stichting Hart voor Kinderen,2017,WITh,88999,
32136226,Stichting Hart voor Kinderen,2019,WITh,88999,
32136226,Stichting Hart voor Kinderen,2020,WITh,88999,
32136226,Stichting Hart voor Kinderen,2021,WITh,88999,
32136226,Stichting Hart voor Kinderen,2022,WITh,88999,
32136226,Stichting Hart voor Kinderen,2023,WITh,88999,
32136226,Stichting Hart voor Kinderen,2024,WITh,88999,
34190781,Stichting Health [e]Foundation,2015,WITh,94996,
34190781,Stichting Health [e]Foundation,2016,WITh,94996,
34190781,Stichting Health [e]Foundation,2017,WITh,94996,
41207580,Stichting Health Action International,2018,WITh,72100,
41207580,Stichting Health Action International,2019,WITh,72100,
41207580,Stichting Health Action International,2020,WITh,72100,
41207580,Stichting Health Action International,2021,WITh,72100,
41207580,Stichting Health Action International,2022,WITh,72100,
52968146,Stichting Het Erfdeel - zorg en begeleiding,2017,WITh,94997,
52968146,Stichting Het Erfdeel - zorg en begeleiding,2019,WITh,94997,
24379112,Stichting Het Passion,2006,WITh,94911,
24379112,Stichting Het Passion,2007,WITh,94911,
24379112,Stichting Het Passion,2008,WITh,94911,
24379112,Stichting Het Passion,2009,WITh,94911,
24379112,Stichting Het Passion,2010,WITh,94911,
24379112,Stichting Het Passion,2011,WITh,94911,
24379112,Stichting Het Passion,2012,WITh,94911,
24379112,Stichting Het Passion,2013,WITh,94911,
24379112,Stichting Het Passion,2014,WITh,94911,
24379112,Stichting Het Passion,2015,WITh,88999,
24379112,Stichting Het Passion,2016,WITh,88999,
24379112,Stichting Het Passion,2017,WITh,88999,
24379112,Stichting Het Passion,2018,WITh,88992,
24379112,Stichting Het Passion,2019,WITh,88992,
24379112,Stichting Het Passion,2020,WITh,88992,
24379112,Stichting Het Passion,2021,WITh,88992,
41106900,Stichting Homeplan,2020,WITh,88999,
41106900,Stichting Homeplan,2021,WITh,88999,
41106900,Stichting Homeplan,2022,WITh,88999,
41106900,Stichting Homeplan,2023,WITh,88999,
41106900,Stichting Homeplan,2024,WITh,88999,
27342349,Stichting International Justice Mission The    Netherlands,2013,WITh,88993,
27342349,Stichting International Justice Mission The    Netherlands,2014,WITh,88993,
27342349,Stichting International Justice Mission The    Netherlands,2015,WITh,88993,
27342349,Stichting International Justice Mission The    Netherlands,2016,WITh,88993,
27342349,Stichting International Justice Mission The Netherlands,2018,WITh,88992,
27342349,Stichting International Justice Mission The Netherlands,2020,WITh,88992,
27342349,Stichting International Justice Mission The Netherlands,2021,WITh,88992,
27342349,Stichting International Justice Mission The Netherlands,2022,WITh,88992,
27342349,Stichting International Justice Mission The Netherlands,2023,WITh,88992,
27342349,Stichting International Justice Mission The Netherlands,2024,WITh,88992,
41168141,Stichting Interplast Holland,2010,WITh,94996,
41168141,Stichting Interplast Holland,2011,WITh,94996,
41168141,Stichting Interplast Holland,2012,WITh,94996,
41168141,Stichting Interplast Holland,2013,WITh,94996,
41168141,Stichting Interplast Holland,2014,WITh,94996,
41168141,Stichting Interplast Holland,2015,WITh,94996,
41168141,Stichting Interplast Holland,2016,WITh,94996,
41168141,Stichting Interplast Holland,2017,WITh,94996,
41168141,Stichting Interplast Holland,2018,WITh,94996,
41168141,Stichting Interplast Holland,2019,WITh,94996,
41168141,Stichting Interplast Holland,2020,WITh,94996,
41168141,Stichting Interplast Holland,2021,WITh,94996,
41168141,Stichting Interplast Holland,2023,WITh,94996,
41126735,Stichting Interserve Nederland,2016,WITh,94911,
41126735,Stichting Interserve Nederland,2017,WITh,94911,
41126735,Stichting Interserve Nederland,2019,WITh,94910,
41126735,Stichting Interserve Nederland,2020,WITh,94910,
41126735,Stichting Interserve Nederland,2021,WITh,94910,
41126735,Stichting Interserve Nederland,2022,WITh,94910,
24489006,Stichting Jarige Job,2019,WITh,94993,
24489006,Stichting Jarige Job,2020,WITh,94993,
24489006,Stichting Jarige Job,2021,WITh,94993,
24489006,Stichting Jarige Job,2022,WITh,94993,
24489006,Stichting Jarige Job,2023,WITh,94993,
24489006,Stichting Jarige Job,2024,WITh,94993,
24489006,Stichting Jarige Job,2025,WITh,94993,
41038284,Stichting Jeugd met een Opdracht,2015,WITh,88999,
41038284,Stichting Jeugd met een Opdracht,2016,WITh,88999,
63015811,Stichting Jeugdeducatiefonds,2020,WITh,94993,
63015811,Stichting Jeugdeducatiefonds,2021,WITh,94993,
63015811,Stichting Jeugdeducatiefonds,2022,with,94993,
63015811,Stichting Jeugdeducatiefonds,2023,WITh,94993,
63015811,Stichting Jeugdeducatiefonds,2024,WITh,94993,
63015811,Stichting Jeugdeducatiefonds,2025,WITh,94993,
28114856,Stichting JobHulpMaatje Nederland,2017,WITh,,
28114856,Stichting JobHulpMaatje Nederland,2018,WITh,,
28114856,Stichting JobHulpMaatje Nederland,2019,WITh,,
64963764,Stichting kanker.nl,2022,WITh,94997,
64963764,Stichting kanker.nl,2024,WITh,94997,
74169750,Stichting Karuna NL,2019,WITh,94995,
74169750,Stichting Karuna NL,2020,WITh,94995,
41024606,Stichting Kimon,2010,WITh,88999,
41024606,Stichting Kimon,2011,WITh,88999,
41024606,Stichting Kimon,2013,WITh,88999,
41024606,Stichting Kimon,2014,WITh,88999,
41024606,Stichting Kimon,2016,WITh,88999,
41024606,Stichting Kimon,2017,WITh,88999,
41024606,Stichting Kimon,2018,WITh,88999,
41024606,Stichting Kimon,2019,WITh,88999,
41024606,Stichting Kimon,2020,WITh,88999,
41024606,Stichting Kimon,2021,WITh,88999,
41024606,Stichting Kimon,2022,WITh,88999,
41024606,Stichting Kimon,2023,WITh,88999,
41024606,Stichting Kimon,2024,WITh,88999,
34173893,Stichting Kinderen Kankervrij,2016,WITh,94993,
34173893,Stichting Kinderen Kankervrij,2017,WITh,94993,
34173893,Stichting Kinderen Kankervrij,2018,WITh,94993,
34173893,Stichting Kinderen Kankervrij,2019,WITh,94993,
34173893,Stichting Kinderen Kankervrij,2020,WITh,94993,
34173893,Stichting Kinderen Kankervrij,2022,WITh,94993,
41172259,STICHTING KOM OVER EN HELP,2013,WITh,94911,
41172259,STICHTING KOM OVER EN HELP,2014,WITh,94911,
41172259,STICHTING KOM OVER EN HELP,2015,WITh,94911,
41172259,STICHTING KOM OVER EN HELP,2016,WITh,94911,
41172259,STICHTING KOM OVER EN HELP,2017,WITh,94911,
41172259,STICHTING KOM OVER EN HELP,2018,WITh,94911,
41172259,Stichting Kom over en help,2019,WITh,94910,
41172259,Stichting Kom over en help,2020,WITh,94910,
37073325,Stichting Landschap Noord-Holland,2023,WITh,91420,
37073325,Stichting Landschap Noord-Holland,2024,WITh,91420,
37073325,Stichting Landschap Noord-Holland,2025,WITh,91420,
41039028,Stichting Leprazending Nederland,2015,WITh,94993,
41039028,Stichting Leprazending Nederland,2016,WITh,94993,
41039028,Stichting Leprazending Nederland,2017,WITh,94993,
41039028,Stichting Leprazending Nederland,2018,WITh,94993,
41039028,Stichting Leprazending Nederland,2019,WITh,94993,
41039028,Stichting Leprazending Nederland,2020,WITh,94993,
41039028,Stichting Leprazending Nederland,2021,WITh,94993,
41039028,Stichting Leprazending Nederland,2022,WITh,94993,
41039028,Stichting Leprazending Nederland,2023,WITh,94993,
41039028,Stichting Leprazending Nederland,2024,WITh,94993,
41180500,Stichting Light for the World Nederland,2011,WITh,86929,
41180500,Stichting Light for the World Nederland,2012,WITh,86929,
41180500,Stichting Light for the World Nederland,2013,WITh,86929,
41180500,Stichting Light for the World Nederland,2014,WITh,86929,
41180500,Stichting Light for the World Nederland,2015,WITh,86929,
41180500,Stichting Light for the World Nederland,2016,WITh,86929,
24393793,Stichting Lion Heart Foundation,2013,WITh,94993,
24393793,Stichting Lion Heart Foundation,2014,WITh,94993,
24393793,Stichting Lion Heart Foundation,2015,WITh,94993,
24380110,Stichting Mano,2017,WITh,94996,
24380110,Stichting Mano,2018,WITh,94996,
24380110,Stichting Mano,2022,WITh,94996,
24380110,Stichting Mano,2024,WITh,94996,
24380110,Stichting Mano,2025,WITh,94996,
35029698,Stichting Medair Nederland,2015,WITh,88999,
41040806,Stichting Mercy Ships Holland,2008,WITH,88999,
41040806,Stichting Mercy Ships Holland,2009,WITh,88999,
41040806,Stichting Mercy Ships Holland,2010,WITh,88999,
41040806,Stichting Mercy Ships Holland,2011,WITh,88999,
41040806,Stichting Mercy Ships Holland,2012,WITh,88999,
41040806,Stichting Mercy Ships Holland,2013,WITh,88999,
41040806,Stichting Mercy Ships Holland,2014,WITh,88999,
41040806,Stichting Mercy Ships Holland,2015,WITh,88999,
41040806,Stichting Mercy Ships Holland,2016,WITh,88999,
41040806,Stichting Mercy Ships Holland,2017,WITh,88999,
41177226,Stichting MIND,2023,WITh,86999,
41177226,Stichting MIND,2024,WITh,86999,
41188580,Stichting Missie Nederland,2010,With,94911,
41188580,Stichting Missie Nederland,2011,With,94911,
41188580,Stichting Missie Nederland,2014,WITh,94911,
41188580,Stichting Missie Nederland,2015,WITh,94911,
41188580,Stichting Missie Nederland,2018,WITh,94910,
41188580,Stichting Missie Nederland,2019,WITh,94910,
41188580,Stichting Missie Nederland,2022,WITh,94910,
41188580,Stichting Missie Nederland,2023,WITh,94910,
41188580,Stichting Missie Nederland,2024,WITh,94910,
64782719,Stichting Movement on the Ground,2021,WITh,94996,
64782719,Stichting Movement on the Ground,2022,WITh,94996,
64782719,Stichting Movement on the Ground,2023,WITh,94996,
64782719,Stichting Movement on the Ground,2024,WITh,94996,
41172249,Stichting MOZ-Art,2013,WITh,85522,
41201360,Stichting MS Research,2014,WITh,94997,
41201360,Stichting MS Research,2015,WITh,94997,
41201360,Stichting MS Research,2016,WITh,94997,
41201360,Stichting MS Research,2017,WITh,94997,
41201360,Stichting MS Research,2018,WITh,94997,
41201360,Stichting MS Research,2019,WITh,94997,
41201360,Stichting MS Research,2020,WITh,94997,
41201360,Stichting MS Research,2022,WITh,94997,
41201360,Stichting MS Research,2023,WITh,94997,
41201360,Stichting MS Research,2024,WITh,94997,
41172249,"Stichting Muziekonderwijs Zuidplas, MOZ-Art",2014,WITh,85522,
41172249,"Stichting Muziekonderwijs Zuidplas, MOZ-Art",2017,WITh,85522,
41172249,"Stichting Muziekonderwijs Zuidplas, MOZ-Art",2018,WITh,85522,
41151392,Stichting Nationaal Bureau voor Missiewerken,2016,WITh,94910,
41151392,Stichting Nationaal Bureau voor Missiewerken,2017,WITh,94910,
41151392,Stichting Nationaal Bureau voor Missiewerken,2018,WITh,94910,
41151392,Stichting Nationaal Bureau voor Missiewerken,2019,WITh,94910,
41151392,Stichting Nationaal Bureau voor Missiewerken,2020,WITh,94910,
41151392,Stichting Nationaal Bureau voor Missiewerken,2022,WITh,94910,
41151669,Stichting Nationaal Instituut voor Budgetvoorlichting,2014,WITh,88999,
41151669,Stichting Nationaal Instituut voor Budgetvoorlichting,2018,WITh,88992,
41151669,Stichting Nationaal Instituut voor Budgetvoorlichting,2019,WITh,88992,
41151669,Stichting Nationaal Instituut voor Budgetvoorlichting,2020,WITh,88992,
41151669,Stichting Nationaal Instituut voor Budgetvoorlichting,2021,WITh,88992,
41151669,Stichting Nationaal Instituut voor Budgetvoorlichting,2022,With,88992,
41151669,Stichting Nationaal Instituut voor Budgetvoorlichting,2023,WITh,88992,
41151669,Stichting Nationaal Instituut voor Budgetvoorlichting,2024,WITh,88992,
41150459,Stichting Nationaal Ouderenfonds,2018,WITh,94997,
41150459,Stichting Nationaal Ouderenfonds,2019,WITh,94997,
41150459,Stichting Nationaal Ouderenfonds,2020,WITh,94997,
41150459,Stichting Nationaal Ouderenfonds,2022,WITh,94997,
41150459,Stichting Nationaal Ouderenfonds,2023,WITh,94997,
41150459,Stichting Nationaal Ouderenfonds,2024,WITh,94997,
41192228,Stichting Natuur en Milieu,2019,WITh,94996,
41192228,Stichting Natuur en Milieu,2020,WITh,94996,
41192228,Stichting Natuur en Milieu,2022,WITh,94996,
41192228,Stichting Natuur en Milieu,2024,WITh,94996,
41244008,Stichting Nederlands Albert Schweitzer Fonds,2015,WITh,94993,
41244008,Stichting Nederlands Albert Schweitzer Fonds,2016,WITh,94993,
41244008,Stichting Nederlands Albert Schweitzer Fonds,2020,WITh,94993,
76680592,Stichting Nederlandse Schuldhulproute,2021,WITh,88992,
76680592,Stichting Nederlandse Schuldhulproute,2024,WITh,88992,
76680592,Stichting Nederlandse Schuldhulproute,2025,WITh,88992,
09163429,Stichting Network Education Theology Foundation(NET),2013,WITh,85591,
09163429,Stichting Network Education Theology Foundation(NET),2019,WITh,85599,
09163429,Stichting Network Education Theology Foundation(NET),2020,WITh,85599,
09163429,Stichting Network Education Theology Foundation(NET),2021,WITh,85599,
09163429,Stichting Network Education Theology Foundation(NET),2022,WITh,85599,
09163429,Stichting Network Education Theology Foundation(NET),2023,WITh,85599,
09163429,Stichting Network Education Theology Foundation(NET),2024,WITh,85599,
41199451,Stichting OMF Nederland,2014,WITh,94911,
41199451,Stichting OMF Nederland,2018,WITh,94910,
41199451,Stichting OMF Nederland,2019,WITh,94910,
41199451,Stichting OMF Nederland,2020,WITh,94910,
41199451,Stichting OMF Nederland,2022,WITh,94910,
41120963,Stichting Ondersteuning Gereformeerd Onderwijs in Oost-Europa,2011,WITh,94993,
41120963,Stichting Ondersteuning Gereformeerd Onderwijs in Oost-Europa,2012,With,94993,
41120963,Stichting Ondersteuning Gereformeerd Onderwijs in Oost-Europa,2013,WITh,94993,
41120963,Stichting Ondersteuning Gereformeerd Onderwijs in Oost-Europa,2014,WITh,94993,
41120963,Stichting Ondersteuning Gereformeerd Onderwijs in Oost-Europa,2016,WITh,94993,
41120963,Stichting Ondersteuning Gereformeerd Onderwijs in Oost-Europa,2017,WITh,94993,
41190476,Stichting Onderwijs Voorrang Eemland,2018,WITh,88991,
41190476,Stichting Onderwijs Voorrang Eemland,2019,WITh,88991,
41190476,Stichting Onderwijs Voorrang Eemland,2020,WITh,88991,
41190476,Stichting Onderwijs Voorrang Eemland,2021,WITh,88991,
41190476,Stichting Onderwijs Voorrang Eemland,2022,WITh,88991,
41126815,Stichting Operatie Mobilisatie,2009,WITh,94911,
41126815,Stichting Operatie Mobilisatie,2010,WITh,94911,
41126815,Stichting Operatie Mobilisatie,2011,WITh,94911,
41126815,Stichting Operatie Mobilisatie,2012,WITh,94911,
41126815,Stichting Operatie Mobilisatie,2013,WITh,94911,
41126815,Stichting Operatie Mobilisatie,2014,WITh,94911,
41126815,Stichting Operatie Mobilisatie,2015,WITh,94911,
41126815,Stichting Operatie Mobilisatie,2017,WITh,94911,
41126815,Stichting Operatie Mobilisatie,2018,WITh,94910,
41126815,Stichting Operatie Mobilisatie,2019,WITh,94910,
41126815,Stichting Operatie Mobilisatie,2020,WITh,94910,
41126815,Stichting Operatie Mobilisatie,2022,WITh,94910,
41126815,Stichting Operatie Mobilisatie,2023,WITh,94910,
41126815,Stichting Operatie Mobilisatie,2024,WITh,94910,
34110520,Stichting Orange Babies,2014,WITh,94996,
34110520,Stichting Orange Babies,2015,WITh,94996,
34110520,Stichting Orange Babies,2016,WITh,94996,
34110520,Stichting Orange Babies,2017,WITh,94996,
53442075,Stichting Palliatieve Zorg Nederland,2022,WITh,94997,
53442075,Stichting Palliatieve Zorg Nederland,2023,WITh,94997,
53442075,Stichting Palliatieve Zorg Nederland,2024,WITh,94997,
53442075,Stichting Palliatieve Zorg Nederland,2025,WITh,94997,
82354308,Stichting Parkinson Alliantie Nederland,2024,WITh,88999,
27254751,Stichting ParkinsonNederland,2020,WITh,88999,
27254751,Stichting ParkinsonNederland,2021,WITh,88999,
27254751,Stichting ParkinsonNederland,2022,WITh,88999,
27254751,Stichting ParkinsonNederland,2023,WITh,88999,
27254751,Stichting ParkinsonNederland,2024,WITh,88999,
41179645,Stichting Pensioenfonds van het Zendingsgenootschap der Evangelische Broedergemeente te Zeist,2012,WITh,65309,
41179645,Stichting Pensioenfonds van het Zendingsgenootschap der Evangelische Broedergemeente te Zeist,2013,WITh,65309,
41179645,Stichting Pensioenfonds van het Zendingsgenootschap der Evangelische Broedergemeente te Zeist,2014,WITh,65309,
41179645,Stichting Pensioenfonds van het Zendingsgenootschap der Evangelische Broedergemeente te Zeist,2015,WITh,65309,
41179645,Stichting Pensioenfonds van het Zendingsgenootschap der Evangelische Broedergemeente te Zeist,2016,WITh,65309,
52072894,Stichting Plastic Soup Foundation,2020,WITh,94996,
52072894,Stichting Plastic Soup Foundation,2021,WITh,94996,
52072894,Stichting Plastic Soup Foundation,2022,WITh,94996,
52072894,Stichting Plastic Soup Foundation,2023,WITh,94996,
52072894,Stichting Plastic Soup Foundation,2024,WITh,94996,
30215131,Stichting Present Regio Utrecht,2017,WITh,94997,
30215131,Stichting Present Regio Utrecht,2018,WITh,94997,
30215131,Stichting Present Regio Utrecht,2019,WITh,94997,
30215131,Stichting Present Regio Utrecht,2020,WITh,94997,
30215131,Stichting Present Utrecht,2009,With,94997,
30215131,Stichting Present Utrecht,2010,With,94997,
30215131,Stichting Present Utrecht,2011,With,94997,
30215131,Stichting Present Utrecht,2013,With,94997,
30215131,Stichting Present Utrecht,2014,WITh,94997,
30215131,Stichting Present Utrecht,2015,WITh,94997,
30215131,Stichting Present Utrecht,2016,WITh,94997,
41159889,Stichting Prins Claus Fonds voor Cultuur en Ontwikkeling,2016,WITh,94993,
41159889,Stichting Prins Claus Fonds voor Cultuur en Ontwikkeling,2017,WITh,94993,
41159889,Stichting Prins Claus Fonds voor Cultuur en Ontwikkeling,2018,WITh,94993,
41159889,Stichting Prins Claus Fonds voor Cultuur en Ontwikkeling,2019,WITh,94993,
41159889,Stichting Prins Claus Fonds voor Cultuur en Ontwikkeling,2020,WITh,94993,
41159889,Stichting Prins Claus Fonds voor Cultuur en Ontwikkeling,2024,WITh,94993,
41159889,Stichting Prins Claus Fonds voor Cultuur en Ontwikkeling,2025,WITh,94993,
68495463,Stichting RaskattenWijzer,2011,WITh,94997,
68495463,Stichting RaskattenWijzer,2012,WITh,94997,
68495463,Stichting RaskattenWijzer,2013,WITh,94997,
41132922,Stichting Roparun,2023,WITh,93299,
41132922,Stichting Roparun,2024,WITh,93299,
24337973,Stichting Roparun Evenementen,2023,with,,
74225553,Stichting Samen voor Alle Kinderen,2024,WITh,88992,
41210820,Stichting Schone Kleren Kampagne/Clean Clothes Campaign,2022,WITh,88999,
41210820,Stichting Schone Kleren Kampagne/Clean Clothes Campaign,2023,WITh,88999,
41210820,Stichting Schone Kleren Kampagne/Clean Clothes Campaign,2024,WITh,88999,
41180500,Stichting SeeYou,2018,WITh,86999,
41180500,Stichting SeeYou,2019,WITh,86999,
41180500,Stichting SeeYou,2020,WITh,86999,
41180500,Stichting SeeYou,2022,WITh,86999,
41180500,Stichting SeeYou,2023,WITh,86999,
41180500,Stichting SeeYou,2024,WITh,86999,
60820810,Stichting Sociaal Fonds Amersfoort,2023,WITh,94993,
54772028,Stichting Social Enterprise NL,2023,WITh,88992,
54772028,Stichting Social Enterprise NL,2024,WITh,88992,
41126788,Stichting Sophia Kinderziekenhuis Fonds,2023,WITh,94993,
41126788,Stichting Sophia Kinderziekenhuis Fonds,2024,WITh,94993,
41126788,Stichting Sophia Kinderziekenhuis Fonds,2025,WITh,94993,
71191941,Stichting Spaarkracht,2024,WITh,88999,
41213450,Stichting SPARK,2018,WITh,94996,
41213450,Stichting SPARK,2019,WITh,94996,
41213450,Stichting SPARK,2020,WITh,94996,
41213450,Stichting SPARK,2021,WITh,94996,
41213450,Stichting SPARK,2022,WITh,94996,
41213450,Stichting SPARK,2024,WITh,94996,
61374016,Stichting Sympany,2015,WITh,46779,
30285304,Stichting Sympany+,2015,WITh,94993,
41177385,Stichting TEAR fund Nederland,2009,WITh,88999,
41177385,Stichting TEAR fund Nederland,2010,WITh,88999,
41177385,Stichting TEAR fund Nederland,2011,WITh,88999,
41177385,Stichting TEAR fund Nederland,2012,WITh,88999,
41177385,Stichting TEAR fund Nederland,2013,WITh,88999,
41177385,Stichting TEAR fund Nederland,2014,WITh,88999,
41177385,Stichting TEAR fund Nederland,2015,WITh,88999,
41177385,Stichting TEAR fund Nederland,2016,WITh,88999,
41177385,Stichting TEAR fund Nederland,2017,WITh,88999,
41177385,Stichting Tearfund Nederland,2018,WITh,94996,
41177385,Stichting Tearfund Nederland,2019,WITh,94996,
41177385,Stichting Tearfund Nederland,2020,WITh,94996,
41177385,Stichting Tearfund Nederland,2022,WITh,94996,
41177385,Stichting Tearfund Nederland,2023,WITh,94996,
41177385,Stichting Tearfund Nederland,2024,WITh,94996,
41177385,Stichting Tearfund Nederland,2025,WITh,94996,
30238434,Stichting The Family Factory,2012,WITh,94997,
53445392,Stichting Timotheos,2022,WITh,94996,
53445392,Stichting Timotheos,2023,WITh,94996,
53445392,Stichting Timotheos,2024,WITh,94996,
41178588,Stichting Urco,2017,WITh,94993,
37114817,Stichting VanHarte,2016,WITh,88999,
37114817,Stichting VanHarte,2017,WITh,88999,
37114817,Stichting VanHarte,2019,WITh,88999,
37114817,Stichting VanHarte,2020,WITh,88999,
37114817,Stichting VanHarte,2021,WITh,88999,
37114817,Stichting VanHarte,2022,WITh,88999,
37114817,Stichting VanHarte,2023,WITh,88999,
37114817,Stichting VanHarte,2024,WITh,88999,
41217397,Stichting Varkens in Nood,2009,WITh,6202,
41217397,Stichting Varkens in Nood,2011,WITh,6202,
41217397,Stichting Varkens in Nood,2012,WITh,6202,
41217397,Stichting Varkens in Nood,2013,WITh,6202,
40476736,Stichting VNB,2016,WITh,,
40476736,Stichting VNB,2017,WITh,,
40476736,Stichting VNB,2018,WITh,,
41173993,Stichting voor Wereldwijde Bijbelverspreiding The Bible League,2008,WITh,94911,
41173993,Stichting voor Wereldwijde Bijbelverspreiding The Bible League,2009,WITh,94911,
41173993,Stichting voor Wereldwijde Bijbelverspreiding The Bible League,2010,WITh,94911,
41173993,Stichting voor Wereldwijde Bijbelverspreiding The Bible League,2011,WITh,94911,
41173993,Stichting voor Wereldwijde Bijbelverspreiding The Bible League,2012,WITh,94911,
41173993,Stichting voor Wereldwijde Bijbelverspreiding The Bible League,2013,WITh,94910,
41173993,Stichting voor Wereldwijde Bijbelverspreiding The Bible League,2014,WITh,94911,
41173993,Stichting voor Wereldwijde Bijbelverspreiding The Bible League,2015,WITh,94911,
41173993,Stichting voor Wereldwijde Bijbelverspreiding The Bible League,2016,WITh,94911,
41173993,Stichting voor Wereldwijde Bijbelverspreiding The Bible League,2017,WITh,94911,
41173993,Stichting voor Wereldwijde Bijbelverspreiding The Bible League,2018,WITh,94910,
41173993,Stichting voor Wereldwijde Bijbelverspreiding The Bible League,2019,WITh,94910,
41173993,Stichting voor Wereldwijde Bijbelverspreiding The Bible League,2020,WITh,94910,
41173993,Stichting voor Wereldwijde Bijbelverspreiding The Bible League,2022,WITh,94910,
41173993,Stichting voor Wereldwijde Bijbelverspreiding The Bible League,2023,WITh,94910,
41173993,Stichting voor Wereldwijde Bijbelverspreiding The Bible League,2024,WITh,94910,
41003000,Stichting Vrienden van Adesa,2012,WITh,88999,
41118128,Stichting Vrienden van de Hoop,2009,WITh,8220,
41118128,Stichting Vrienden van de Hoop,2010,WITh,8220,
41118128,Stichting Vrienden van de Hoop,2011,WITh,8220,
41118128,Stichting Vrienden van de Hoop,2012,WITh,8220,
41118128,Stichting Vrienden van de Hoop,2014,WITh,8220,
41118128,Stichting Vrienden van de Hoop,2015,WITh,8220,
41118128,Stichting Vrienden van de Hoop,2016,WITh,8220,
41134459,Stichting Vrienden van het Sophia,2024,WITh,94993,
53277201,Stichting Wakibi,2023,WITh,88999,
53277201,Stichting Wakibi,2024,WITh,88999,
41172933,Stichting WASTE,2019,WITh,94996,
41172933,Stichting WASTE,2020,WITh,94996,
41172933,Stichting WASTE,2022,WITh,94996,
27273221,Stichting Weeshuis Sri Lanka,2019,WITh,94997,
27273221,Stichting Weeshuis Sri Lanka,2020,WITh,94997,
27273221,Stichting Weeshuis Sri Lanka,2022,WITh,94997,
27273221,Stichting Weeshuis Sri Lanka,2023,WITh,94997,
41225417,Stichting Wereld Dorpen voor Kinderen,2019,WITh,88999,
41225417,Stichting Wereld Dorpen voor Kinderen,2020,WITh,88999,
41225417,Stichting Wereld Dorpen voor Kinderen,2021,WITh,88999,
41225417,Stichting Wereld Dorpen voor Kinderen,2022,WITh,88999,
41225417,Stichting Wereld Dorpen voor Kinderen,2023,WITh,88999,
41225417,Stichting Wereld Dorpen voor Kinderen,2024,WITh,88999,
41225417,Stichting Wereld Dorpen voor Kinderen,2025,WITh,88999,
04065143,Stichting Wereldwijd Evangeliewerk,2018,WITh,94910,
04065143,Stichting Wereldwijd Evangeliewerk,2019,WITh,94910,
04065143,Stichting Wereldwijd Evangeliewerk,2020,WITh,94910,
09099028,Stichting Wetlands International,2023,WITh,94995,
09099028,Stichting Wetlands International,2024,With,94995,
41192276,Stichting Wilde Ganzen,2023,WITh,88999,
41192276,Stichting Wilde Ganzen,2024,WITh,88999,
41186799,Stichting Women Engage for a Common Future - International,2018,WITh,94996,
41186799,Stichting Women Engage for a Common Future - International,2019,WITh,94996,
41186799,Stichting Women Engage for a Common Future - International,2020,WITh,94996,
41186799,Stichting Women Engage for a Common Future - International,2021,WITh,94996,
41186799,Stichting Women Engage for a Common Future - International,2022,WITh,94996,
41186799,Stichting Women Engage for a Common Future - International,2023,WITh,94996,
41186799,Stichting Women Engage for a Common Future - International,2024,WITh,94996,
34214042,Stichting WOMEN Inc.,2023,WITh,94994,
34214042,Stichting WOMEN Inc.,2024,WITh,94994,
40531234,Stichting World Animal Protection afdeling Nederland,2023,WITh,94996,
40531234,Stichting World Animal Protection afdeling Nederland,2024,WITh,94996,
40531234,Stichting World Animal Protection afdeling Nederland,2025,WITh,94996,
41179943,Stichting World Vision Nederland,2016,WITh,94996,
41179943,Stichting World Vision Nederland,2017,WITh,94996,
41179943,Stichting World Vision Nederland,2018,WITh,94996,
41179943,Stichting World Vision Nederland,2019,WITh,94996,
41179943,Stichting World Vision Nederland,2020,WITh,94996,
41179943,Stichting World Vision Nederland,2022,WITh,94996,
41179943,Stichting World Vision Nederland,2023,WITh,94996,
41179943,Stichting World Vision Nederland,2024,WITh,94996,
41179943,Stichting World Vision Nederland,2025,WITh,94996,
40482863,Stichting Wycliffe Bijbelvertalers Nederland,2017,WITh,94995,
40482863,Stichting Wycliffe Bijbelvertalers Nederland,2018,WITh,94995,
40482863,Stichting Wycliffe Bijbelvertalers Nederland,2019,WITh,94995,
40482863,Stichting Wycliffe Bijbelvertalers Nederland,2020,WITh,94995,
40482863,Stichting Wycliffe Bijbelvertalers Nederland,2021,WITh,94995,
40482863,Stichting Wycliffe Bijbelvertalers Nederland,2022,WITh,94995,
40482863,Stichting Wycliffe Bijbelvertalers Nederland,2023,WITh,94995,
40482863,Stichting Wycliffe Bijbelvertalers Nederland,2024,WITh,94995,
34170342,Stichting YOPE Young Perspectives,2018,WITh,94996,
34170342,Stichting YOPE Young Perspectives,2019,WITh,94996,
34170342,Stichting YOPE Young Perspectives,2021,WITh,94996,
34170342,Stichting Young In Prison (YIP),2011,WITh,94996,
34170342,Stichting Young In Prison (YIP),2012,WITh,94996,
34170342,Stichting Young In Prison (YIP),2013,WITh,94996,
34170342,Stichting Young In Prison (YIP),2014,WITh,94996,
34170342,Stichting Young In Prison (YIP),2015,WITh,94996,
34170342,Stichting Young In Prison (YIP),2016,WITh,94996,
41177015,Stichting Youth for Christ Nederland,2009,WITh,94911,
41177015,Stichting Youth for Christ Nederland,2010,WITh,94911,
41177015,Stichting Youth for Christ Nederland,2011,WITh,94911,
41177015,Stichting Youth for Christ Nederland,2012,WITh,94911,
41177015,Stichting Youth for Christ Nederland,2013,WITh,94910,
41177015,Stichting Youth for Christ Nederland,2015,WITh,94911,
41177015,Stichting Youth for Christ Nederland,2016,WITh,94911,
41188479,Stichting Zending Over Grenzen,2020,WITh,88999,
41188479,Stichting Zending Over Grenzen,2022,WITh,88999,
41188479,Stichting Zending Over Grenzen,2024,WITh,88999,
41188479,Stichting Zending Over Grenzen,2025,WITh,88999,
09148054,Stichting Zodion Zoogdieronderzoek Nederland,2020,WITh,72100,
09148054,Stichting Zodion Zoogdieronderzoek Nederland,2021,WITh,72100,
09148054,Stichting Zodion Zoogdieronderzoek Nederland,2022,WITh,72100,
34124154,Trees for All Stichting,2023,WITh,94996,
34124154,Trees for All Stichting,2025,WITh,94996,
33180425,Vereniging Ark Mission,2019,WITh,,
33180425,Vereniging Ark Mission,2022,WITh,,
33180425,Vereniging Ark Mission,2023,WITh,,
34347105,Vereniging Clientenbelang,2019,WITh,86999,
34347105,Vereniging Clientenbelang,2020,WITh,86999,
34347105,Vereniging Clientenbelang,2021,WITh,86999,
34347105,Vereniging Clientenbelang,2022,WITh,86999,
34347105,Vereniging Clientenbelang,2023,WITh,86999,
61110949,Vereniging SchuldHulpMaatje Nederland,2019,WITh,94997,
61110949,Vereniging SchuldHulpMaatje Nederland,2020,WITh,94997,
61110949,Vereniging SchuldHulpMaatje Nederland,2021,WITh,94997,
61110949,Vereniging SchuldHulpMaatje Nederland,2022,WITh,94997,
40538966,Vereniging van Beleggers voor Duurzame Ontwikkeling,2016,WITH,94997,
40538966,Vereniging van Beleggers voor Duurzame Ontwikkeling,2017,WITH,94997,
40538966,Vereniging van Beleggers voor Duurzame Ontwikkeling,2018,WITH,94997,
40538966,Vereniging van Beleggers voor Duurzame Ontwikkeling,2019,WITH,94997,
40538966,Vereniging van Beleggers voor Duurzame Ontwikkeling,2020,WITH,94997,
40538966,Vereniging van Beleggers voor Duurzame Ontwikkeling,2021,WITH,94997,
40538966,Vereniging van Beleggers voor Duurzame Ontwikkeling,2022,WITH,94997,
40538966,Vereniging van Beleggers voor Duurzame Ontwikkeling,2023,WITH,94997,
40322114,Vereniging voor Kerkrentmeesterlijk Beheer in de Protestantse Kerk in Nederland,2013,WITh,94995,
40310527,Vereniging Zeeuwse Milieufederatie,2015,WITh,94996,
40310527,Vereniging Zeeuwse Milieufederatie,2016,WITh,94996,
40310527,Vereniging Zeeuwse Milieufederatie,2017,WITh,94996,
40310527,Vereniging Zeeuwse Milieufederatie,2018,WITh,94996,
40310527,Vereniging Zeeuwse Milieufederatie,2021,WITh,94996,
40310527,Vereniging Zeeuwse Milieufederatie,2022,WITh,94996,
41118128,Vrienden van de Hoop,2017,WITh,94996,
41118128,Vrienden van de Hoop,2018,WITh,94996,
41118128,Vrienden van de Hoop,2019,WITh,94996,
41118128,Vrienden van de Hoop,2020,WITh,94996,
41118128,Vrienden van de Hoop,2021,WITh,94996,
41118128,Vrienden van de Hoop,2022,WITh,94996,
41118128,Vrienden van de Hoop,2023,WITh,94996,
41118128,Vrienden van de Hoop,2024,WITh,94996,
40481492,VSE,2023,With,88999,
32084387,"Wetenschappelijk Instituut van de ChristenUnie, 'Mr. G. Groen van Prinsterer Stichting'",2021,WITh,94910,
32084387,"Wetenschappelijk Instituut van de ChristenUnie, 'Mr. G. Groen van Prinsterer Stichting'",2022,WITh,94910,
41200320,Wiardi Beckman Stichting,2020,WITh,72100,
40482863,Wycliffe Bijbelvertalers Nederland,2009,With,94995,
40482863,Wycliffe Bijbelvertalers Nederland,2010,With,94995,
40482863,Wycliffe Bijbelvertalers Nederland,2011,With,94995,
40482863,Wycliffe Bijbelvertalers Nederland,2012,WITh,94995,
40482863,Wycliffe Bijbelvertalers Nederland,2013,WITh,94995,
40482863,Wycliffe Bijbelvertalers Nederland,2014,WITh,94995,
40482863,Wycliffe Bijbelvertalers Nederland,2015,WITh,94995,
40479642,Zendingsgenootschap der Evangelische Broedergemeente,2012,WITh,94911,
40479642,Zendingsgenootschap der Evangelische Broedergemeente,2013,WITh,94911,
40479642,Zendingsgenootschap der Evangelische Broedergemeente,2015,WITh,94911,
40479642,Zendingsgenootschap der Evangelische Broedergemeente,2016,WITh,94911,
40479642,Zendingsgenootschap der Evangelische Broedergemeente,2017,WITh,94910,
40479642,Zendingsgenootschap der Evangelische Broedergemeente,2018,WITh,94910,
40479642,Zendingsgenootschap der Evangelische Broedergemeente,2019,WITh,94910,
40479642,Zendingsgenootschap der Evangelische Broedergemeente,2020,WITh,94910,
40479642,Zendingsgenootschap der Evangelische Broedergemeente,2021,WITh,94910,
40479642,Zendingsgenootschap der Evangelische Broedergemeente,2022,WITh,94910,
40479642,Zendingsgenootschap der Evangelische Broedergemeente,2023,WITh,94910,
40479642,Zendingsgenootschap der Evangelische Broedergemeente,2024,WITh,94910,
