afm_nummer,naam,rechtsvorm,plaats,oob_vergunning,vergunning_sinds,website,status
13000003,"Hordijk, Kok, Laan & Wabeke, registeraccountants B.V.",Besloten Vennootschap,Everdingen,nee,2008-09-29,,Verleend
13000007,Finchtree B.V.,Besloten Vennootschap,Vlaardingen,nee,2008-09-29,www.borsboomacc.nl,Verleend
13000009,Borrie Audit B.V.,Besloten Vennootschap,Rotterdam,nee,2008-09-29,www.borrie.nl,Verleend
13000010,Joanknecht Assurance B.V.,Besloten Vennootschap,Eindhoven,nee,2008-09-29,https://www.joanknecht.nl,Verleend
13000015,Deloitte Accountants B.V.,Besloten Vennootschap,Rotterdam,ja,2007-09-27,http://www.deloitte.com,Verleend
13000017,Accountantskantoor en Belastingadviesbureau Eenkhoorn & Bakker,Vennootschap onder firma,Genemuiden,nee,2008-09-29,https://www.eb-accountants.nl,Verleend
13000019,"Hermans & Partners B.V., accountants en adviseurs",Besloten Vennootschap,Mijnsheerenland,nee,2008-09-29,,Verleend
13000027,Newtone Audit N.V.,Naamloze Vennootschap,Rosmalen,nee,2008-09-29,https://www.newtone.nl,Verleend
13000043,De Meerse Accountants Associatie B.V.,Besloten Vennootschap,Aalsmeer,nee,2008-09-29,https://www.meerse.nl,Verleend
13000044,Dubois & Co. Registeraccountants,Maatschap,Amsterdam,nee,2008-09-29,https://www.dubois.nl,Verleend
13000046,Vigilate Accountants B.V.,Besloten Vennootschap,Capelle aan den IJssel,nee,2008-09-29,www.vigilate.nl,Verleend
13000053,Driebergen Accountants,Maatschap,Rijnsburg,nee,2008-09-29,https://www.driebergenaccountants.nl,Verleend
13000054,Bol Accountants B.V.,Besloten Vennootschap,Boxmeer,nee,2008-09-29,https://www.boladviseurs.nl/,Verleend
13000055,Maatschap Steens & Partners Accountants en Adviseurs,Maatschap,Rotterdam,nee,2008-09-29,https://www.steensenpartners.nl,Verleend
13000063,Maatschap Adbeco Accountants,Maatschap,Emmen,nee,2008-09-29,https://www.adbeco.com,Verleend
13000073,FACET Audit B.V.,Besloten Vennootschap,Capelle aan den IJssel,nee,2008-09-29,,Verleend
13000084,Vermetten Audit B.V.,Besloten Vennootschap,Tilburg,nee,2008-09-29,https://www.vermetten.nl,Verleend
13000090,RSM Netherlands Accountants N.V.,Naamloze Vennootschap,Hoofddorp,nee,2008-09-29,http://www.rsm.global/netherlands/nl,Verleend
13000093,VLM Accountants & Adviseurs B.V.,Besloten Vennootschap,Sittard,nee,2008-09-29,https://www@vlmaccountants.nl,Verleend
13000097,Crowe Peak Audit & Assurance B.V.,Besloten Vennootschap,Rotterdam,nee,2008-09-29,,Verleend
13000098,Rubicon Registeraccountants B.V.,Besloten Vennootschap,Eindhoven,nee,2008-09-29,http://www.rubicon.nu,Verleend
13000104,JPA Van Noort Gassler & Co B.V.,Besloten Vennootschap,'s-Gravenhage,nee,2008-09-29,https://www.noortgassler.nl,Verleend
13000106,HLB Den Hartog Accountants & Consultants,Maatschap,Rotterdam,nee,2008-09-29,www.hlb-denhartog.nl,Verleend
13000113,KRC Van Elderen Registeraccountants B.V.,Besloten Vennootschap,Apeldoorn,nee,2008-09-29,http://www.krcvanelderen.nl,Verleend
13000120,Tamek Accountants B.V.,Besloten Vennootschap,Meppel,nee,2008-09-29,https://www.tamek.nl,Verleend
13000121,KPMG Accountants N.V.,Naamloze Vennootschap,Amstelveen,ja,2007-09-27,http://www.kpmg.nl,Verleend
13000138,The Audit Company B.V.,Besloten Vennootschap,'s-Gravenhage,nee,2008-09-29,,Verleend
13000139,Van Boekel accountants en adviseurs,Maatschap,Tilburg,nee,2008-09-29,https://www.vanboekel.nl,Verleend
13000144,Eshuis Registeraccountants B.V.,Besloten Vennootschap,Almelo,nee,2008-09-29,https://www.eshuis.com,Verleend
13000147,Verstegen accountants en adviseurs B.V.,Besloten Vennootschap,Dordrecht,nee,2008-09-29,www.verstegenaccountants.nl,Verleend
13000154,Van Oers Audit B.V.,Besloten Vennootschap,Breda,nee,2008-09-29,https://www.vanoers-audit.nl,Verleend
13000157,Hoek en Blok Audit B.V.,Besloten Vennootschap,Sliedrecht,nee,2008-09-29,https://www.hoekenblok.nl,Verleend
13000173,Moore MKW Audit B.V.,Besloten Vennootschap,Zwolle,nee,2008-09-29,,Verleend
13000176,VHM Audit B.V.,Besloten Vennootschap,Zwolle,nee,2008-09-29,,Verleend
13000185,Moens Accountancy B.V.,Besloten Vennootschap,'s-Hertogenbosch,nee,2008-09-29,www.moens.nl,Verleend
13000194,Omnyacc In Control B.V.,Besloten Vennootschap,Den Helder,nee,2008-09-29,https://www.omnyacc.nl,Verleend
13000196,M & K Audit B.V.,Besloten Vennootschap,Hilversum,nee,2008-09-29,www.mk.nl,Verleend
13000197,NBC Audit Services B.V.,Besloten Vennootschap,Volendam,nee,2008-09-29,www.nbcauditservices.nl,Verleend
13000199,Boon Registeraccountants B.V.,Besloten Vennootschap,Apeldoorn,nee,2008-09-29,www.boon.nl,Verleend
13000215,JAN© Accountants en Adviseurs B.V.,Besloten Vennootschap,Purmerend,nee,2008-09-29,http://www.jan.nl,Verleend
13000231,SMK Audit B.V.,Besloten Vennootschap,Enschede,nee,2008-09-29,https://www.smkaudit.nl,Verleend
13000232,Abin audit B.V.,Besloten Vennootschap,Noordwijk,nee,2008-09-29,,Verleend
13000237,Berveling Accountants & Adviseurs B.V.,Besloten Vennootschap,Leiden,nee,2008-09-29,https://www.berveling.nl,Verleend
13000241,VanOoijen Accountants N.V.,Naamloze Vennootschap,Haarlem,nee,2008-09-29,www.ooijen.nl,Verleend
13000244,Inspea Accountants & Adviseurs B.V.,Besloten Vennootschap,Ede,nee,2008-09-29,https://inspea.nl/,Verleend
13000247,"Top en Co., Accountants en Belastingadviseurs",Maatschap,Barendrecht,nee,2008-09-29,https://www.topenco.nl,Verleend
13000252,RSM Netherlands Audit B.V.,Besloten Vennootschap,Hoofddorp,nee,2008-09-29,http://www.rsm.global/netherlands/nl,Verleend
13000259,aaff Audit en Assurance B.V.,Besloten Vennootschap,Nijkerk,nee,2008-09-29,http://www.alfa.nl/registeraccountants,Verleend
13000263,Blömer accountants en adviseurs B.V.,Besloten Vennootschap,Nieuwegein,nee,2008-09-29,www.blomer.nl,Verleend
13000273,BAKKER accountants & adviseurs,Maatschap,Hendrik-Ido-Ambacht,nee,2008-09-29,www.bakker-accountants.nl,Verleend
13000274,KramerKuiper Accountants/Adviseurs,Maatschap,Purmerend,nee,2008-09-29,http://www.kramerkuiper.nl,Verleend
13000276,BGH Accountants B.V.,Besloten Vennootschap,Nijmegen,nee,2008-09-29,https://www.bghaccountants.nl,Verleend
13000286,Maatschap Lentink de Jonge,Maatschap,Harderwijk,nee,2008-09-29,https://lentinkdejonge.com/,Verleend
13000288,Omnyacc Heerhugowaard,Maatschap,Heerhugowaard,nee,2008-09-29,https://www.omnyacc.nl,Verleend
13000291,PricewaterhouseCoopers Accountants N.V.,Naamloze Vennootschap,Amsterdam,ja,2007-09-27,http://www.pwc.com,Verleend
13000293,VWG registeraccountants B.V.,Besloten Vennootschap,Nijmegen,nee,2008-09-29,https://www.vwg.nl,Verleend
13000294,GT Bunck Accountants Belastingadviseurs,Maatschap,Amstelveen,nee,2008-09-29,https://www.gtbunck.nl,Verleend
13000309,SMA Accountants N.V.,Naamloze Vennootschap,Capelle aan den IJssel,nee,2008-09-29,http://www.sma-accountants.nl,Verleend
13000310,Swart & co Accountants,Maatschap,Amstelveen,nee,2008-09-29,,Verleend
13000311,BDO Audit & Assurance B.V.,Besloten Vennootschap,Eindhoven,ja,2007-09-27,http://www.bdo.nl,Verleend
13000316,d&u audit B.V.,Besloten Vennootschap,Groningen,nee,2008-09-29,http://www.du-accountants.nl,Verleend
13000317,De Hooge Waerder Registeraccountants B.V.,Besloten Vennootschap,Alkmaar,nee,2008-09-29,https://www.hoogewaerder.nl,Verleend
13000318,Daamen & van Sluis Accountants Belastingadviseurs,Maatschap,Capelle aan den IJssel,nee,2011-08-16,https://www.daasluis.nl,Verleend
13000321,RSW Accountants,Maatschap,Helmond,nee,2008-09-29,https://www.rsw.nl,Verleend
13000323,Van der Veen & Kromhout Registeraccountants en Belastingadviseurs,Maatschap,Gorredijk,nee,2008-09-29,www.kromhout.com,Verleend
13000335,De Jong Koster Accountants en Belastingadv.,Maatschap,Ridderkerk,nee,2008-09-29,www.djk.nl,Verleend
13000344,Brouwers Audit B.V.,Besloten Vennootschap,Zwolle,nee,2008-09-29,www.brouwers.nl,Verleend
13000345,Accountable B.V.,Besloten Vennootschap,Woerden,nee,2008-09-29,https://www.accountable.nl,Verleend
13000356,Wecountancy Audit B.V.,Besloten Vennootschap,Noordwijk,nee,2008-09-29,,Verleend
13000361,Van der Meer Accountants B.V.,Besloten Vennootschap,Groningen,nee,2008-09-29,http://www.vandermeeracc.nl,Verleend
13000370,Maatschap Blaak & Breederveld Accountants,Maatschap,Naaldwijk,nee,2008-09-29,www.blaak-breederveld.nl,Verleend
13000374,Profinis Accountants B.V.,Besloten Vennootschap,Urk,nee,2008-09-29,www.profinis.nl,Verleend
13000381,ESJ Audit & Assurance B.V.,Besloten Vennootschap,Etten-Leur,nee,2008-09-29,www.esj.nl,Verleend
13000385,SNP Adviseurs,Maatschap,Twello,nee,2008-09-29,www.snpadviseurs.nl,Verleend
13000392,VANDERLAANGROEP AUDIT B.V.,Besloten Vennootschap,Assendelft,nee,2008-09-29,https://www.vanderlaangroep.nl,Verleend
13000395,BM Registeraccountants B.V.,Besloten Vennootschap,Bilthoven,nee,2008-09-29,https://www.bmaccountants.nl,Verleend
13000396,Elysee Accountants B.V.,Besloten Vennootschap,Veenendaal,nee,2008-09-29,http://www.elysee-accountants.nl,Verleend
13000400,Coney Assurance B.V.,Besloten Vennootschap,Rotterdam,nee,2008-09-29,www.coneyminds.nl,Verleend
13000402,W&O Registeraccountants B.V.,Besloten Vennootschap,Weert,nee,2008-09-29,https://www.w-o.nl,Verleend
13000408,Forvis Mazars Accountants N.V.,Naamloze Vennootschap,Rotterdam,ja,2007-09-27,http://www.mazars.nl,Verleend
13000413,Crowe Foederer Audit & Assurance B.V.,Besloten Vennootschap,Eindhoven,nee,2008-09-29,http://www.foederer.nl,Verleend
13000415,Schipper Accountants B.V.,Besloten Vennootschap,Goes,nee,2008-09-29,http://www.schippergroep.nl,Verleend
13000420,De Jong & Laan Controle B.V.,Besloten Vennootschap,Amsterdam,nee,2008-09-29,https://www.jonglaan.nl,Verleend
13000423,Govers Accountants/Adviseurs,Maatschap,Eindhoven,nee,2008-09-29,https://www.govers.nl,Verleend
13000446,New Vision Auditors B.V.,Besloten Vennootschap,Zaltbommel,nee,2008-09-29,https://www.newvisiongroep.nl,Verleend
13000449,Helder Controle B.V.,Besloten Vennootschap,Pijnacker,nee,2008-09-29,http://www.heldercontrole.nl,Verleend
13000456,Auren Audit & Assurance Amersfoort B.V.,Besloten Vennootschap,Amersfoort,nee,2008-09-29,http://www.auren.nl,Verleend
13000458,Stolwijk Kelderman Accountants Fiscalisten,Maatschap,Doetinchem,nee,2008-09-29,http://www.stolwijkkelderman.nl,Verleend
13000460,Scab Accountants & Adviseurs B.V.,Besloten Vennootschap,Tilburg,nee,2008-09-29,https://www.scabadvies.nl,Verleend
13000461,VLR accountants B.V.,Besloten Vennootschap,Krimpen aan den IJssel,nee,2008-09-29,,Verleend
13000464,KNAV audit B.V.,Besloten Vennootschap,Leusden,nee,2008-09-29,https://www.hlg.nl,Verleend
13000468,Wesselman Registeraccountants B.V.,Besloten Vennootschap,Helmond,nee,2008-09-29,https://www.wesselman-info.nl,Verleend
13000470,Guidon Audit B.V.,Besloten Vennootschap,Hoofddorp,nee,2008-09-29,,Verleend
13000471,Schuiteman Audit & Assurance B.V.,Besloten Vennootschap,Ede,nee,2008-09-29,www.schuiteman.com,Verleend
13000474,Van Luxemborg en de Kok B.V.,Besloten Vennootschap,Tilburg,nee,2008-09-29,https://www.luxemborg.nl,Verleend
13000479,HLB Nannen Accountants & Belastingadviseurs,Maatschap,Emmen,nee,2008-09-29,https://www.hlb-nannen.nl,Verleend
13000483,Countus Accountants + Adviseurs B.V.,Besloten Vennootschap,Zwolle,nee,2008-09-29,https://www.countus.nl,Verleend
13000490,Kreston Van Herwijnen Accountants B.V.,Besloten Vennootschap,Tiel,nee,2008-09-29,,Verleend
13000491,Visser & Visser Audit en Assurance B.V.,Besloten Vennootschap,Dordrecht,nee,2008-09-29,https://www.visser-visser.nl,Verleend
13000492,Bentacera Registeraccountants B.V.,Besloten Vennootschap,Drachten,nee,2008-09-29,,Verleend
13000493,Smids en Schakel Accountants en Adviseurs B.V.,Besloten Vennootschap,Leeuwarden,nee,2008-09-29,,Verleend
13000496,Slof & Wildenburg Adviseurs B.V.,Besloten Vennootschap,Amstelveen,nee,2008-09-29,https://www.slofwildenburg.nl,Verleend
13000503,Spek Accountants en Belastingadviseurs B.V.,Besloten Vennootschap,Krimpen aan den IJssel,nee,2008-09-29,www.spek.nl,Verleend
13000504,"Konings & Meeuwissen, accountants en belastingadviseurs",Maatschap,Nijmegen,nee,2008-09-29,www.Konings-Meeuwissen.nl,Verleend
13000507,Londen & Van Holland Registeraccountants en Belastingadviseurs,Maatschap,Amsterdam,nee,2008-09-29,www.londenholland.nl,Verleend
13000519,Flynth Audit B.V.,Besloten Vennootschap,Arnhem,nee,2008-09-29,http://www.flynth.nl,Verleend
13000522,GBA Accountants,Maatschap,'s-Gravenhage,nee,2008-09-29,www.gba-adviseurs.nl,Verleend
13000524,Grant Thornton Audit en Assurance B.V.,Besloten Vennootschap,Alphen aan den Rijn,nee,2007-09-27,http://www.gt.nl,Verleend
13000525,A . D accountants adviseurs,Maatschap,Maastricht,nee,2008-09-29,www.adaccountants.nl,Verleend
13000546,Van Ree Accountants B.V.,Besloten Vennootschap,Barneveld,nee,2008-09-29,https://www.vanreeacc.nl,Verleend
13000557,Versluis Accountancy B.V.,Besloten Vennootschap,Schoonhoven,nee,2008-09-29,http://www.versluisaccountancy.nl,Verleend
13000563,Accountantskantoor Smid B.V.,Besloten Vennootschap,Wijhe,nee,2008-09-29,https://www.smidwijhe.nl,Verleend
13000570,Audit Combinate B.V.,Besloten Vennootschap,Halsteren,nee,2008-09-29,https://www.auditcombinate.nl,Verleend
13000572,De Beer Audit B.V.,Besloten Vennootschap,Tilburg,nee,2008-09-29,www.debeer.nl,Verleend
13000574,BLM B.V.,Besloten Vennootschap,Veldhoven,nee,2008-09-29,www.blmbastion.nl,Verleend
13000575,VBWA B.V.,Besloten Vennootschap,Scherpenzeel,nee,2008-09-29,http://www.vbwa.nl,Verleend
13000578,Witlox VCS audit B.V.,Besloten Vennootschap,Breda,nee,2008-09-29,,Verleend
13000585,Lansigt accountants en adviseurs B.V.,Besloten Vennootschap,Alphen aan den Rijn,nee,2008-09-29,https://www.lansigt.nl,Verleend
13000588,Afier Auditors B.V.,Besloten Vennootschap,Tynaarlo,nee,2008-09-29,,Verleend
13000598,Koeleman accountants & belastingadviseurs B.V.,Besloten Vennootschap,Hilversum,nee,2008-09-29,www.accountantskoeleman.nl,Verleend
13000611,Bongers Posthumus & Verboord accountants en belastingadviseurs B.V.,Besloten Vennootschap,Geleen,nee,2008-09-29,http://www.bpvnl.com,Verleend
13000623,IZA Accountants B.V.,Besloten Vennootschap,De Meern,nee,2008-09-29,www.iza-accountants.nl,Verleend
13000643,ETL Assurance & Overheidsaccountants B.V.,Besloten Vennootschap,Hoofddorp,nee,2008-09-29,https://www.ipa-acon.nl,Verleend
13000655,Stichting Audit Only,Stichting,Deventer,nee,2008-09-29,https://www.auditonly.nl,Verleend
13000661,KSG Audit & Assurance B.V.,Besloten Vennootschap,Reuver,nee,2011-05-04,http://ksg.nl,Verleend
13000665,Wolting & Versteegh B.V.,Besloten Vennootschap,Heerlen,nee,2008-09-29,https://www.wolting.nl,Verleend
13000680,Kreston Lentink Audit B.V.,Besloten Vennootschap,Huizen,nee,2008-09-29,https://www.lentink-audit.nl,Verleend
13000714,CPAccountants B.V.,Besloten Vennootschap,Zaandam,nee,2008-09-29,https://www.cpaccountants.nl,Verleend
13000734,Kromhout Accountants B.V.,Besloten Vennootschap,Lisse,nee,2007-08-13,http://www.kromhoutaccountants.nl,Verleend
13000736,WEA Audit B.V.,Besloten Vennootschap,Oud-Beijerland,nee,2008-09-29,,Verleend
13000738,Troost Administratie- en Belastingadvies,Vennootschap onder firma,Oud-Beijerland,nee,2008-01-21,www.troostaccountantskantoor.nl,Verleend
13000741,Baker Tilly (Netherlands) B.V.,Besloten Vennootschap,Utrecht,nee,2008-06-24,https://www.bakertilly.nl/nl/,Verleend
13000746,ECOVIS BonsenReuling Audit B.V.,Besloten Vennootschap,Lichtenvoorde,nee,2009-02-10,https://www.bonsenreuling.nl,Verleend
13000753,Q Accountants en Belastingadviseurs B.V.,Besloten Vennootschap,Nijmegen,nee,2009-09-15,www.qaccountants.nl,Verleend
13000754,Vallei Accountants Audit B.V.,Besloten Vennootschap,Woudenberg,nee,2009-09-28,www.vaacc.nl,Verleend
13000756,Valkering Accountants B.V.,Besloten Vennootschap,Uitgeest,nee,2009-11-26,www.valkering-accountants.nl,Verleend
13000764,Cooster Audit B.V.,Besloten Vennootschap,Barneveld,nee,2010-03-08,https://www.cooster.nl,Verleend
13000766,EJP audit B.V.,Besloten Vennootschap,'s-Hertogenbosch,nee,2010-03-15,https://www.ejp.nu,Verleend
13000773,Q-Concepts Accountancy B.V.,Besloten Vennootschap,'s-Hertogenbosch,nee,2010-07-29,http://www.q-concepts.nl,Verleend
13000774,Joore N.V.,Naamloze Vennootschap,Tilburg,nee,2010-07-08,https://www.joore.nl,Verleend
13000778,IUS Statutory Audits Coöperatie U.A.,Coöperatie,Amstelveen,nee,2010-11-15,https://www.iusaudit.com,Verleend
13000781,P&P Audit B.V.,Besloten Vennootschap,Middelburg,nee,2010-12-06,www.ppaudit.nl,Verleend
13000783,DTG Audit & Assurance B.V.,Besloten Vennootschap,Zwaag,nee,2010-12-14,,Verleend
13000786,Langedijk & Partners - Audit en Assurance B.V.,Besloten Vennootschap,Obdam,nee,2011-01-24,,Verleend
13000790,Audit Service Plus B.V.,Besloten Vennootschap,Uden,nee,2011-05-26,www.auditserviceplus.nl,Verleend
13000792,Audit en Co B.V.,Besloten Vennootschap,Alphen aan den Rijn,nee,2011-09-08,http://www.auditenco.nl,Verleend
13000795,Joinson & Spice B.V.,Besloten Vennootschap,Amsterdam,nee,2011-07-27,http://www.joinsonandspice.nl,Verleend
13000796,Audit 4you B.V.,Besloten Vennootschap,Delft,nee,2011-10-05,https://4youaccountancy.nl,Verleend
13000798,Nagtzaam Accountants & Fiscalisten Veghel B.V.,Besloten Vennootschap,Veghel,nee,2011-12-02,,Verleend
13020003,Co Accountants B.V.,Besloten Vennootschap,Tilburg,nee,2011-08-30,http://www.loueraccountancy.nl,Verleend
13020007,MPR Audit & Assurance B.V.,Besloten Vennootschap,Rotterdam,nee,2011-10-25,http://www.mpraccountants.nl,Verleend
13020021,Fact Accountants & Adviseurs B.V.,Besloten Vennootschap,Amsterdam,nee,2013-01-30,http://www.fact-accountants.nl,Verleend
13020027,Mulderij & Partners Audit en Assurance B.V.,Besloten Vennootschap,Hoogeveen,nee,2013-05-13,http://www.mpaudit.nl,Verleend
13020031,Auren Audit & Assurance Amsterdam B.V.,Besloten Vennootschap,Amstelveen,nee,2013-07-09,,Verleend
13020032,WGS Accountants B.V.,Besloten Vennootschap,Utrecht,nee,2013-07-01,https://wgsaccountants.nl,Verleend
13020033,KUBUS Audit B.V.,Besloten Vennootschap,Dordrecht,nee,2015-03-26,http://www.kubus.nl,Verleend
13020039,Coöperatie ConFirm U.A.,Coöperatie,Doetinchem,nee,2015-03-19,http://www.confirm.nu,Verleend
13020045,SmitsVandenBroek Accountants B.V.,Besloten Vennootschap,Weert,nee,2014-07-24,http://www.smitsvandenbroek.nl,Verleend
13020047,Blue Line Accountants B.V.,Besloten Vennootschap,Almere,nee,2014-09-02,http://www.bluelineaccountants.com,Verleend
13020048,Accountants voor de Gezondheidszorg B.V.,Besloten Vennootschap,Woerden,nee,2015-03-03,http://www.agz.nl,Verleend
13020051,AuditNL West B.V.,Besloten Vennootschap,Zoetermeer,nee,2014-12-18,http://www.auditnlwest.nl,Verleend
13020052,Audit To Be B.V.,Besloten Vennootschap,Voorburg,nee,2015-01-12,,Verleend
13020058,Finc Accountants B.V.,Besloten Vennootschap,Waalwijk,nee,2015-09-28,,Verleend
13020062,Kaap Hoorn Audit & Assurance B.V.,Besloten Vennootschap,Hoorn,nee,2015-12-10,http://www.kaaphoorn.net,Verleend
13020063,Van Wezel Audit B.V.,Besloten Vennootschap,Rijnsburg,nee,2016-12-22,,Verleend
13020068,AKSOS Assurance B.V.,Besloten Vennootschap,Groningen,nee,2016-12-22,http://www.aksos.nl,Verleend
13020069,Reanda Audit & Assurance B.V.,Besloten Vennootschap,Amsterdam,nee,2016-12-22,https://www.reanda-netherlands.com,Verleend
13020070,Confinant Audit & Assurance B.V.,Besloten Vennootschap,Amsterdam,nee,2017-05-08,,Verleend
13020071,Publiek Belang Accountants B.V.,Besloten Vennootschap,Rijswijk,nee,2017-05-04,http://www.publiekbelangaccountants.nl,Verleend
13020072,Share Impact Accountants B.V.,Besloten Vennootschap,'s-Gravenhage,nee,2017-05-04,https://www.shareimpactaccountants.nl,Verleend
13020074,Publieke Sector Accountants B.V.,Besloten Vennootschap,Rotterdam,nee,2017-09-22,,Verleend
13020082,Denote Assurance B.V.,Besloten Vennootschap,Eindhoven,nee,2017-12-21,http://www.denote.nu,Verleend
13020095,RA12 Registeraccountants B.V.,Besloten Vennootschap,Veenendaal,nee,2018-04-26,,Verleend
13020099,Van Hoesel/de Blaey Accountancy B.V.,Besloten Vennootschap,Sliedrecht,nee,2018-07-02,http://www.hoesel.nl,Verleend
13020100,Keystone Audit B.V.,Besloten Vennootschap,Druten,nee,2018-08-14,http://www.keystoneaccountants.nl,Verleend
13020102,Berkenrode Audit B.V.,Besloten Vennootschap,Haarlem,nee,2018-10-04,,Verleend
13020108,Signature Audit + Advisory B.V.,Besloten Vennootschap,Spijkenisse,nee,2019-04-16,,Verleend
13020109,Beuk Audit B.V.,Besloten Vennootschap,Velsen-Zuid,nee,2018-12-20,,Verleend
13020112,TIC Assurance B.V.,Besloten Vennootschap,Zwolle,nee,2019-07-23,https://www.tic-assurance.nl,Verleend
13020115,The Audit Generation B.V.,Besloten Vennootschap,Bunnik,nee,2019-07-16,https://www.theauditgeneration.nl,Verleend
13020116,Moore DRV Audit B.V.,Besloten Vennootschap,Rotterdam,nee,2019-09-10,,Verleend
13020118,BRIL Accountants B.V.,Besloten Vennootschap,Veenendaal,nee,2019-12-05,,Verleend
13020119,Ouwersloot Kerkhoven Audit B.V.,Besloten Vennootschap,Schagen,nee,2020-04-06,,Verleend
13020122,Spiegel Accountants B.V.,Besloten Vennootschap,Zwolle,nee,2020-03-24,,Verleend
13020123,"Horatio, Audit en Assurance B.V.",Besloten Vennootschap,Amstelveen,nee,2020-04-22,,Verleend
13020125,Baran Audit & Assurance Services B.V.,Besloten Vennootschap,Zaandam,nee,2020-05-19,,Verleend
13020126,KLMN Audit B.V.,Besloten Vennootschap,Hilversum,nee,2020-07-16,,Verleend
13020127,Van Velzen Audit B.V.,Besloten Vennootschap,Warmond,nee,2020-08-21,,Verleend
13020130,WHS Registeraccountants,Maatschap,Rosmalen,nee,2020-11-24,https://whsregisteraccountants.nl/,Verleend
13020131,Metis Audit B.V.,Besloten Vennootschap,Doetinchem,nee,2021-01-21,,Verleend
13020139,Goed Geregeld Assurance B.V.,Besloten Vennootschap,Heerhugowaard,nee,2021-03-16,,Verleend
13020143,NC Audit & Advisory B.V.,,Willemstad,nee,2021-12-14,,Verleend
13020145,Maatschap Assurance & Co,Maatschap,Herten,nee,2022-01-24,,Verleend
13020154,WMA Assurance B.V.,Besloten Vennootschap,Heerenveen,nee,2022-10-06,,Verleend
13020155,Nijssen & Partners B.V.,Besloten Vennootschap,'s-Gravenhage,nee,2022-11-17,,Verleend
13020156,Moos Accountants B.V.,Besloten Vennootschap,Diemen,nee,2022-11-17,,Verleend
13020164,SV-Audit B.V.,Besloten Vennootschap,Simonshaven,nee,2024-02-02,https://sv-audit.nl,Verleend
13020166,De Audit Boetiek B.V.,Besloten Vennootschap,'s-Hertogenbosch,nee,2023-11-22,,Verleend
13020169,IAC Audit & Assurance B.V.,Besloten Vennootschap,Rijswijk,nee,2024-02-02,https://iac-audit.com,Verleend
13020177,Just Audit B.V.,Besloten Vennootschap,Hoofddorp,nee,2024-04-15,https://justaudit.nl,Verleend
13020183,Elevate Audit Partners B.V.,Besloten Vennootschap,Amsterdam,nee,2024-06-27,https://elevateaudit.com,Verleend
13020184,Masters in Audit & Assurance B.V.,Besloten Vennootschap,'s-Hertogenbosch,nee,2024-05-30,www.miaa.nl,Verleend
13020185,Audit & Advisory B.V.,Besloten Vennootschap,Almere,nee,2024-08-01,https://www.areaudit-advisory.nl,Verleend
13020186,EY Accountants B.V.,Besloten Vennootschap,Rotterdam,ja,2024-06-29,http://www.ey.com/nl,Verleend
13020187,weAudit B.V.,Besloten Vennootschap,Rotterdam,nee,2024-07-18,https://www.weact.nl,Verleend
13020189,Audit Pro B.V.,Besloten Vennootschap,Dordrecht,nee,2024-10-01,https://www.auditpro.nl,Verleend
13020190,Mijn Overheidsaccountants B.V.,Besloten Vennootschap,Katwijk,nee,2024-10-03,https://www.mijnoverheidsaccountants.nl,Verleend
13020191,Asina B.V.,Besloten Vennootschap,Zoetermeer,nee,2024-10-31,,Verleend
13020192,Valaston Netherlands B.V.,Besloten Vennootschap,Voorburg,nee,2025-04-24,https://valaston.com,Verleend
13020193,Open Audit B.V.,Besloten Vennootschap,Roosendaal,nee,2025-01-27,https://openaudit.nl,Verleend
13020194,Archimedes Accountancy B.V.,Besloten Vennootschap,Breda,nee,2025-04-29,https://archimedesaccountancy.com,Verleend
13020198,JEDR B.V.,Besloten Vennootschap,Voorschoten,nee,2025-05-08,https://www.jedr.nl,Verleend
13020200,Robin Vrieselaar Registeraccountants B.V.,Besloten Vennootschap,Lopik,nee,2025-06-05,https://www.robinvrieselaar.nl,Verleend
13020201,Assurance First Audit B.V.,Besloten Vennootschap,Hoofddorp,nee,2025-06-30,https://assurancefirst.nl,Verleend
13020203,Audit Claro B.V.,Besloten Vennootschap,Zeddam,nee,2025-08-05,,Verleend
13020204,WAG & Partners B.V.,Besloten Vennootschap,Capelle aan den IJssel,nee,2025-07-01,https://www.wag-partners.nl,Verleend
13020205,Valid+ B.V.,Besloten Vennootschap,Rijswijk,nee,2025-08-20,https://www.validplusaudit.nl,Verleend
13020206,WSH Accountants Audit B.V.,Besloten Vennootschap,Hoofddorp,nee,2025-08-06,https://wshaudit.nl,Verleend
13020209,Accura B.V.,Besloten Vennootschap,Dirksland,nee,2025-08-28,https://www.accura.nl,Verleend
13020210,Nexum Accountants B.V.,Besloten Vennootschap,Roermond,nee,2025-09-09,https://www.nexumaccountants.nl,Verleend
13020211,MODUS audit B.V.,Besloten Vennootschap,Dalfsen,nee,2025-08-28,https://www.modusaudit.nl,Verleend
13020214,Dijkstra & Brinks Audit B.V.,Besloten Vennootschap,Dokkum,nee,2025-10-01,,Verleend
13020216,Hasko Accountants & Belastingadviseurs B.V.,Besloten Vennootschap,Utrecht,nee,2025-12-11,https://haskogroep.com,Verleend
13020217,NOVA Accountants B.V.,Besloten Vennootschap,'s-Gravenhage,nee,2025-11-26,https://www.comitatu.nl,Verleend
13020218,Prime Auditing & Assurance B.V.,Besloten Vennootschap,Rotterdam,nee,2026-06-29,,Verleend
13020221,Statements Assurance & Advisory B.V.,Besloten Vennootschap,'s-Gravenhage,nee,2026-01-23,https://www.statements.nl,Verleend
13020222,NBM Assurance B.V.,Besloten Vennootschap,Diemen,nee,2026-01-08,https://www.nbm-finance.nl,Verleend
13020223,4impact Audit B.V.,Besloten Vennootschap,Capelle aan den IJssel,nee,2026-04-09,,Verleend
13020224,Strik en Van der Weide Accountants B.V.,Besloten Vennootschap,Zwolle,nee,2026-03-16,,Verleend
13020225,STUDIOAMS B.V.,Besloten Vennootschap,Amsterdam,nee,2026-05-05,,Verleend
13020227,AccountantZijn B.V.,Besloten Vennootschap,Amersfoort,nee,2026-07-16,https://www.accountantzijn.nl,Verleend
13020228,CROP accountants & adviseurs B.V.,Besloten Vennootschap,Amersfoort,nee,2026-05-19,,Verleend
13020231,SRL Audit & Assurance B.V.,Besloten Vennootschap,Middelharnis,nee,2026-07-23,,Verleend
