fonds,boekjaar,url
Stichting Pensioenfonds ABP,2015,https://www.abp.nl/content/dam/abp/documenten/jaarverslagen/jaarverslag-2015.pdf
Stichting Pensioenfonds ABP,2016,https://www.abp.nl/content/dam/abp/documenten/jaarverslagen/jaarverslag-2016.pdf
Stichting Pensioenfonds ABP,2017,https://www.abp.nl/content/dam/abp/documenten/jaarverslagen/jaarverslag-2017.pdf
Stichting Pensioenfonds ABP,2018,https://www.abp.nl/content/dam/abp/documenten/jaarverslagen/abp-jaarverslag-2018.pdf
Stichting Pensioenfonds ABP,2019,https://www.abp.nl/content/dam/abp/documenten/jaarverslagen/abp-jaarverslag-2019.pdf
Stichting Pensioenfonds ABP,2020,https://www.abp.nl/content/dam/abp/documenten/jaarverslagen/abp-jaarverslag-2020.pdf
Stichting Pensioenfonds ABP,2021,https://www.abp.nl/content/dam/abp/documenten/jaarverslagen/abp-jaarverslag-2021.pdf
Stichting Pensioenfonds ABP,2022,https://www.abp.nl/content/dam/abp/documenten/jaarverslagen/abp-jaarverslag-2022.pdf
Stichting Pensioenfonds ABP,2023,https://www.abp.nl/content/dam/abp/documenten/jaarverslagen/abp-jaarverslag-2023.pdf
Stichting Pensioenfonds ABP,2024,https://www.abp.nl/content/dam/abp/documenten/jaarverslagen/abp-jaarverslag-2024.pdf
Stichting Pensioenfonds ABP,2025,https://www.abp.nl/content/dam/abp/documenten/jaarverslagen/ABP-jaarverslag-2025-nederlands.pdf
Stichting Pensioenfonds Zorg en Welzijn,2015,https://www.pfzw.nl/content/dam/pfzw/web/over-ons/dit-presteren-we/jaarverslagen/jaarverslag-2015.pdf
Stichting Pensioenfonds Zorg en Welzijn,2016,https://www.pfzw.nl/content/dam/pfzw/web/over-ons/dit-presteren-we/jaarverslagen/jaarverslag-2016.pdf
Stichting Pensioenfonds Zorg en Welzijn,2017,https://www.pfzw.nl/content/dam/pfzw/web/over-ons/dit-presteren-we/jaarverslagen/jaarverslag-2017.pdf
Stichting Pensioenfonds Zorg en Welzijn,2018,https://www.pfzw.nl/content/dam/pfzw/web/over-ons/dit-presteren-we/jaarverslagen/jaarverslag-2018.pdf
Stichting Pensioenfonds Zorg en Welzijn,2019,https://www.pfzw.nl/content/dam/pfzw/web/over-ons/dit-presteren-we/jaarverslagen/PFZW_Jaarverslag_2019.pdf
Stichting Pensioenfonds Zorg en Welzijn,2020,https://www.pfzw.nl/content/dam/pfzw/web/over-ons/dit-presteren-we/jaarverslagen/PFZW_Jaarverslag_2020.pdf
Stichting Pensioenfonds Zorg en Welzijn,2021,https://www.pfzw.nl/content/dam/pfzw/web/over-ons/dit-presteren-we/jaarverslagen/PFZW%20Jaarverslag%202021.pdf
Stichting Pensioenfonds Zorg en Welzijn,2022,https://www.pfzw.nl/content/dam/pfzw/web/over-ons/dit-presteren-we/jaarverslagen1/2022/PFZW_Jaarverslag_2022.pdf
Stichting Pensioenfonds Zorg en Welzijn,2023,https://www.pfzw.nl/content/dam/pfzw/web/over-ons/jaarverslagen/2023/Jaarverslag%20PFZW.pdf
Stichting Pensioenfonds Zorg en Welzijn,2024,https://www.pfzw.nl/content/dam/pfzw/web/over-ons/dit-presteren-we/jaarverslagen1/PFZW%20jaarverslag%202024.pdf
Stichting Pensioenfonds Zorg en Welzijn,2025,https://www.pfzw.nl/content/dam/pfzw/web/over-ons/dit-presteren-we/PFZW_jaarverslag_2025.pdf
Stichting Bedrijfstakpensioenfonds voor de Bouwnijverheid,2023,https://www.bpfbouw.nl/content/dam/bpfbouw/documenten/jaarverslagen/bpfbouw-jaarverslag-2023.pdf
Stichting Bedrijfstakpensioenfonds voor de Bouwnijverheid,2024,https://www.bpfbouw.nl/content/dam/bpfbouw/documenten/jaarverslagen/bpfbouw-jaarverslag-2024.pdf
Stichting Bedrijfstakpensioenfonds voor de Bouwnijverheid,2025,https://www.bpfbouw.nl/content/dam/bpfbouw/documenten/jaarverslagen/jaarverslag-2025-bpfbouw.pdf
Stichting PME pensioenfonds,2019,https://www.pmepublicaties.nl/media/1411/pmejaarverslag2019.pdf
Stichting PME pensioenfonds,2020,https://www.pmepublicaties.nl/media/1802/pmejaarverslag2020.pdf
Stichting PME pensioenfonds,2021,https://www.pmepublicaties.nl/media/2222/pme-jaarverslag-2021-def-17-05-22.pdf
Stichting PME pensioenfonds,2022,https://www.pmepublicaties.nl/media/2692/pme2305_jaarverslag.pdf
Stichting PME pensioenfonds,2023,https://www.pmepublicaties.nl/media/2971/pme_jaarverslag_2023.pdf
Stichting PME pensioenfonds,2024,https://www.pmepublicaties.nl/media/3177/pme-jaarverslag-2024.pdf
Stichting PME pensioenfonds,2025,https://www.pmepublicaties.nl/media/3382/pme-jaarverslag_2025.pdf
Stichting Pensioenfonds Metaal en Techniek,2020,https://www.pmt.nl/media/2evn2von/pmt_algemeen_jaarverslag_2020_def.pdf
Stichting Pensioenfonds Metaal en Techniek,2021,https://www.pmt.nl/media/0mkdhwfv/pmt_jaarverslag_2021_algemeen_v2.pdf
Stichting Pensioenfonds Metaal en Techniek,2022,https://www.pmt.nl/media/kl1etj4k/233235-pmt-jv2022-voor-web-new-03-pdfa.pdf
Stichting Pensioenfonds Metaal en Techniek,2023,https://www.pmt.nl/media/gqilful4/243399-pmt-jv2023-v234-pdfa.pdf
Stichting Pensioenfonds Metaal en Techniek,2024,https://www.pmt.nl/media/ucnmiqv2/pmt_algemeen_jaarverslag_2024_260706.pdf
Stichting Pensioenfonds Metaal en Techniek,2025,https://www.pmt.nl/media/zgjllowg/pmt-algemeen-jaarverslag-2025.pdf
Stichting Pensioenfonds Detailhandel,2015,https://pensioenfondsdetailhandel.nl/content/Publicaties/Jaarverslag/bpf_jaarverslag_2015_web.pdf
Stichting Pensioenfonds Detailhandel,2016,https://pensioenfondsdetailhandel.nl/content/Publicaties/Jaarverslag/jaarverslag_2016_0.pdf
Stichting Pensioenfonds Detailhandel,2017,https://pensioenfondsdetailhandel.nl/content/Publicaties/Jaarverslag/18073_PFD_Jaarverslag_2017.pdf
Stichting Pensioenfonds Detailhandel,2018,https://pensioenfondsdetailhandel.nl/content/Publicaties/Jaarverslag/19085_PFDH_jaarverslag_2018_AANGEPAST_10_09-1.pdf
Stichting Pensioenfonds Detailhandel,2020,https://pensioenfondsdetailhandel.nl/content/Publicaties/Jaarverslag/PFDH-Jaarverslag-A4-2020-NIEUW-Paginas.pdf
Stichting Pensioenfonds Detailhandel,2021,https://pensioenfondsdetailhandel.nl/content/Publicaties/Jaarverslag/PFDH-Jaarverslag-A4-2021-Paginas.pdf
Stichting Pensioenfonds Detailhandel,2022,https://pensioenfondsdetailhandel.nl/content/Publicaties/Jaarverslag/PFDH-Jaarverslag-A4-Sep2022-SPREADS_2023-09-07-112141_ngse.pdf
Stichting Pensioenfonds Detailhandel,2023,https://pensioenfondsdetailhandel.nl/content/Publicaties/Jaarverslag/Jaarverslag-20231.pdf
Stichting Pensioenfonds Detailhandel,2024,https://pensioenfondsdetailhandel.nl/content/Publicaties/Jaarverslag/Jaarverslag-2024.pdf
Stichting Pensioenfonds Vervoer,2018,https://www.pfvervoer.nl/sites/default/files/documenten/jaarverslag-2018.pdf
Stichting Pensioenfonds Vervoer,2019,https://www.pfvervoer.nl/sites/default/files/documenten/jaarverslag-2019.pdf
Stichting Pensioenfonds Vervoer,2020,https://www.pfvervoer.nl/sites/default/files/documenten/jaarverslag-2020.pdf
Stichting Pensioenfonds Vervoer,2021,https://www.pfvervoer.nl/sites/default/files/documenten/jaarverslag-2021.pdf
Stichting Pensioenfonds Vervoer,2022,https://www.pfvervoer.nl/sites/default/files/documenten/jaarverslag-2022.pdf
Stichting Pensioenfonds Vervoer,2024,https://www.pfvervoer.nl/sites/default/files/documenten/jaarverslag-2024.pdf
Stichting Pensioenfonds Vervoer,2025,https://www.pfvervoer.nl/sites/default/files/documenten/jaarverslag-2025.pdf
Stichting Pensioenfonds PGB,2022,https://www.pensioenfondspgb.nl/globalassets/pdfs/jaarverslagen/pensioenfonds-pgb-jaarverslag-2022.pdf
Stichting Pensioenfonds PGB,2024,https://www.pensioenfondspgb.nl/globalassets/pdfs/jaarverslagen/pensioenfonds-pgb-jaarverslag-2024.pdf
Stichting Pensioenfonds PGB,2025,https://www.pensioenfondspgb.nl/globalassets/pdfs/jaarverslagen/pensioenfonds-pgb-jaarverslag-2025.pdf
Stichting Philips Pensioenfonds,2015,https://philipspensioenfonds.nl/sites/philipspensioenfonds.nl/files/2020-11/philips-pensioenfonds-jaarverslag-2015.pdf
Stichting Philips Pensioenfonds,2016,https://philipspensioenfonds.nl/sites/philipspensioenfonds.nl/files/2020-11/philips-pensioenfonds-jaarverslag-2016.pdf
Stichting Philips Pensioenfonds,2017,https://philipspensioenfonds.nl/sites/philipspensioenfonds.nl/files/2020-11/philips-pensioenfonds-jaarverslag-2017.pdf
Stichting Philips Pensioenfonds,2018,https://philipspensioenfonds.nl/sites/philipspensioenfonds.nl/files/2020-11/philips-pensioenfonds-jaarverslag-2018_1.pdf
Stichting Philips Pensioenfonds,2019,https://philipspensioenfonds.nl/sites/philipspensioenfonds.nl/files/2020-11/philips-pensioenfonds-jaarverslag-2019_2.pdf
Stichting Philips Pensioenfonds,2020,https://philipspensioenfonds.nl/sites/philipspensioenfonds.nl/files/2021-06/Jaarverslag%202020_web_1.pdf
Stichting Philips Pensioenfonds,2021,https://philipspensioenfonds.nl/sites/philipspensioenfonds.nl/files/2022-06/Philips%20Pensioenfonds%20Jaarverslag%202021.pdf
Stichting Philips Pensioenfonds,2022,https://philipspensioenfonds.nl/sites/philipspensioenfonds.nl/files/2023-06/Jaarverslag%202022_vdef.pdf
Stichting Philips Pensioenfonds,2023,https://philipspensioenfonds.nl/sites/philipspensioenfonds.nl/files/2024-05/Jaarverslag%202023_vdef.pdf
Stichting Philips Pensioenfonds,2024,https://philipspensioenfonds.nl/sites/philipspensioenfonds.nl/files/2026-06/Jaarverslag%202024_1.pdf
Stichting Philips Pensioenfonds,2025,https://philipspensioenfonds.nl/sites/philipspensioenfonds.nl/files/2026-06/Philips%20Pensioenfonds%20Jaarverslag%202025.pdf
Stichting Pensioenfonds Horeca & Catering,2021,https://www.phenc.nl/rest/DocumentViwer/GetDocument?Name=Jaarverslag+2021.pdf
Stichting Pensioenfonds Horeca & Catering,2024,https://www.phenc.nl/rest/DocumentViwer/GetDocument?Name=Jaarverslag+2024.pdf
Stichting Pensioenfonds Medisch Specialisten,2018,https://www.spms.nl/content/dam/spms/documenten/jaarverslagen/spms-jaarverslag-2018.pdf
Stichting Pensioenfonds Medisch Specialisten,2019,https://www.spms.nl/content/dam/spms/documenten/jaarverslagen/spms-jaarverslag-2019.pdf
Stichting Pensioenfonds Medisch Specialisten,2020,https://www.spms.nl/content/dam/spms/documenten/jaarverslagen/spms-jaarverslag-2020.pdf
Stichting Pensioenfonds Medisch Specialisten,2021,https://www.spms.nl/content/dam/spms/documenten/jaarverslagen/spms-jaarverslag-2021.pdf
Stichting Pensioenfonds Medisch Specialisten,2022,https://www.spms.nl/content/dam/spms/documenten/jaarverslagen/spms-jaarverslag-2022.pdf
Stichting Pensioenfonds Medisch Specialisten,2023,https://www.spms.nl/content/dam/spms/documenten/jaarverslagen/spms-jaarverslag-2023.pdf
Stichting Pensioenfonds Medisch Specialisten,2024,https://www.spms.nl/content/dam/spms/documenten/jaarverslagen/spms-Jaarverslag-2024.pdf
Stichting Pensioenfonds Medisch Specialisten,2025,https://www.spms.nl/content/dam/spms/documenten/jaarverslagen/spms-jaarverslag-2025.pdf
Stichting Pensioenfonds voor Huisartsen,2015,https://www.huisartsenpensioen.nl/media/nd4jtb5y/sph-jaarverslag-2015.pdf
Stichting Pensioenfonds voor Huisartsen,2016,https://www.huisartsenpensioen.nl/media/3nhhqbna/sph-jaarverslag-2016.pdf
Stichting Pensioenfonds voor Huisartsen,2017,https://www.huisartsenpensioen.nl/media/li4pdcxi/sph-jaarverslag-2017.pdf
Stichting Pensioenfonds voor Huisartsen,2018,https://www.huisartsenpensioen.nl/media/ijoaflcb/sph-jaarverslag-2018.pdf
Stichting Pensioenfonds voor Huisartsen,2019,https://www.huisartsenpensioen.nl/media/qhljix4y/sph-jaarverslag-2019.pdf
Stichting Pensioenfonds voor Huisartsen,2020,https://www.huisartsenpensioen.nl/media/snzbha5w/sph-jaarverslag-2020.pdf
Stichting Pensioenfonds voor Huisartsen,2021,https://www.huisartsenpensioen.nl/media/zi4b1jnf/sph-jaarverslag-2021.pdf
Stichting Pensioenfonds voor Huisartsen,2022,https://www.huisartsenpensioen.nl/media/pz3fwhqx/sph-jaarverslag-2022.pdf
Stichting Pensioenfonds voor Huisartsen,2023,https://www.huisartsenpensioen.nl/media/nkgpt2nn/sph-jaarverslag-2023.pdf
Stichting Pensioenfonds voor Huisartsen,2024,https://www.huisartsenpensioen.nl/media/0jzdmiyk/jaarverslag-2024-hp-def.pdf
Stichting Pensioenfonds voor Huisartsen,2025,https://www.huisartsenpensioen.nl/media/cywnanqz/jaarverslag-hp-2025.pdf
Stichting Shell Pensioenfonds,2023,https://www.shellpensioen.nl/-/media/Files/Shellpensioen/Jaarverslagen-sspf/SSPF-jaarverslag-2023.pdf
Stichting Shell Pensioenfonds,2024,https://www.shellpensioen.nl/-/media/Files/Shellpensioen/Jaarverslagen-sspf/SSPF-jaarverslag-2024.pdf
Stichting Shell Pensioenfonds,2025,https://www.shellpensioen.nl/-/media/Files/Shellpensioen/Jaarverslagen-sspf/SSPF-jaarverslag-2025.pdf
Shell Nederland Pensioenfonds Stichting,2023,https://www.shellpensioen.nl/-/media/Files/Shellpensioen/Jaarverslagen-snps/SNPS-jaarverslag-2023.pdf
Shell Nederland Pensioenfonds Stichting,2024,https://www.shellpensioen.nl/-/media/Files/Shellpensioen/Jaarverslagen-snps/SNPS-jaarverslag-2024.pdf
Shell Nederland Pensioenfonds Stichting,2025,https://www.shellpensioen.nl/-/media/Files/Shellpensioen/Jaarverslagen-snps/SNPS-jaarverslag-2025.pdf
Stichting Algemeen Pensioenfonds KLM,2019,https://klmgrondfonds.nl/sites/klmgrondfonds.nl/files/2020-07/jaarverslag_grond_2019_0.pdf
Stichting Algemeen Pensioenfonds KLM,2020,https://klmgrondfonds.nl/sites/klmgrondfonds.nl/files/2021-07/KLMP%20ALGEMEEN%20JV2020_0.pdf
Stichting Algemeen Pensioenfonds KLM,2021,https://klmgrondfonds.nl/sites/klmgrondfonds.nl/files/2022-06/klmp_algemeen_jv2021.pdf
Stichting Algemeen Pensioenfonds KLM,2022,https://klmgrondfonds.nl/sites/klmgrondfonds.nl/files/2023-06/KLMP%20ALGEMEEN%20JV2022%20definitief.pdf
Stichting Algemeen Pensioenfonds KLM,2023,https://klmgrondfonds.nl/sites/klmgrondfonds.nl/files/2025-06/Jaarverslag%202023.pdf
Stichting Algemeen Pensioenfonds KLM,2024,https://klmgrondfonds.nl/sites/klmgrondfonds.nl/files/2025-06/Jaarverslag%202024_definitief.pdf
Stichting Algemeen Pensioenfonds KLM,2025,https://klmgrondfonds.nl/sites/klmgrondfonds.nl/files/2026-06/Jaarverslag_AlgemeenpfKLM_2025.pdf
Stichting Pensioenfonds KLM-Cabinepersoneel,2019,https://klmcabinefonds.nl/sites/klmcabinefonds.nl/files/2021-03/KLM%20CABINE%20Jaarverslag%202019.pdf
Stichting Pensioenfonds KLM-Cabinepersoneel,2020,https://klmcabinefonds.nl/sites/klmcabinefonds.nl/files/2021-07/Pensioenfonds%20KLM%20Cabinepersoneel%20jaarverslag%202020_0.pdf
Stichting Pensioenfonds KLM-Cabinepersoneel,2021,https://klmcabinefonds.nl/sites/klmcabinefonds.nl/files/2022-06/Jaarverslag%202021.pdf
Stichting Pensioenfonds KLM-Cabinepersoneel,2022,https://klmcabinefonds.nl/sites/klmcabinefonds.nl/files/2023-06/Jaarverslag%20Stichting%20Pensioenfonds%20KLM-Cabinepersoneel%202022.pdf
Stichting Pensioenfonds KLM-Cabinepersoneel,2023,https://klmcabinefonds.nl/sites/klmcabinefonds.nl/files/2024-06/2024%2006%2013%20Jaarverslag%20Stichting%20Pensioenfonds%20KLM-Cabinepersoneel%202023%20%28DEF%29_0.pdf
Stichting Pensioenfonds KLM-Cabinepersoneel,2024,https://klmcabinefonds.nl/sites/klmcabinefonds.nl/files/2025-06/Jaarverslag%20Stichting%20Pensioenfonds%20KLM-Cabinepersoneel%202024_zoals%20vastgesteld%20door%20het%20bestuur%20op%2022%20mei%202025_0.pdf
Stichting Pensioenfonds KLM-Cabinepersoneel,2025,https://klmcabinefonds.nl/sites/klmcabinefonds.nl/files/2026-06/Stichting%20Pensioenfonds%20KLM-Cabinepersoneel%20-%20Jaarverslag%202025%20dd%2021%20mei%202026%20%28DEF%29.pdf
Stichting Pensioenfonds PNO Media,2022,https://pnomedia.nl/uploads/files/downloads/jaarverslag-pnomedia-2022.pdf
Stichting Pensioenfonds PNO Media,2023,https://pnomedia.nl/uploads/files/downloads/jaarverslag-pnomedia-2023.pdf
Stichting Pensioenfonds PNO Media,2024,https://pnomedia.nl/uploads/files/downloads/jaarverslag-pnomedia-2024.pdf
Stichting Pensioenfonds PNO Media,2025,https://pnomedia.nl/uploads/files/downloads/jaarverslag-pnomedia-2025.pdf
Stichting Pensioenfonds Rail & Openbaar Vervoer,2020,https://railov.nl/media/documents/Jaarverslag_2020_Rail__OV_Def.pdf
Stichting Pensioenfonds Rail & Openbaar Vervoer,2021,https://railov.nl/media/documents/Rail__OV_jaarverslag_2021.pdf
Stichting Pensioenfonds Rail & Openbaar Vervoer,2022,https://railov.nl/media/pdf/20/Rail__OV_jaarverslag_2022_DEF.pdf
Stichting Pensioenfonds Rail & Openbaar Vervoer,2023,https://railov.nl/media/pdf/c2/Rail__OV_jaarverslag_2023.pdf
Stichting Pensioenfonds Rail & Openbaar Vervoer,2024,https://railov.nl/media/pdf/f1/Jaarverslag_2024.pdf
Stichting Pensioenfonds Rail & Openbaar Vervoer,2025,https://railov.nl/media/pdf/22/Rail__OV_Jaarverslag_2025.pdf
Stichting Pensioenfonds Vliegend Personeel KLM,2019,https://klmvliegendfonds.nl/sites/klmvliegendfonds.nl/files/2024-07/KLM%20Vliegend%20jaarverslag%202019.pdf
Stichting Pensioenfonds Vliegend Personeel KLM,2020,https://klmvliegendfonds.nl/sites/klmvliegendfonds.nl/files/2024-07/KLM%20Vliegend%20jaarverslag%202020.pdf
Stichting Pensioenfonds Vliegend Personeel KLM,2021,https://klmvliegendfonds.nl/sites/klmvliegendfonds.nl/files/2024-07/KLM%20Vliegend%20jaarverslag%202021.pdf
Stichting Pensioenfonds Vliegend Personeel KLM,2022,https://klmvliegendfonds.nl/sites/klmvliegendfonds.nl/files/2024-07/KLM%20Vliegend%20jaarverslag%202022.pdf
Stichting Pensioenfonds Vliegend Personeel KLM,2023,https://klmvliegendfonds.nl/sites/klmvliegendfonds.nl/files/2024-07/KLM%20Vliegend%20jaarverslag%202023_0.pdf
Stichting Pensioenfonds Vliegend Personeel KLM,2024,https://klmvliegendfonds.nl/sites/klmvliegendfonds.nl/files/2025-06/PF%20KLM%20Vliegend%20Jaarverslag%202024%2026-05-2025.pdf
Stichting Pensioenfonds Vliegend Personeel KLM,2025,https://klmvliegendfonds.nl/sites/klmvliegendfonds.nl/files/2026-06/PF%20KLM%20Vliegend%20Jaarverslag%202025%20%28vastgesteld%2010-06-2026%29.pdf
Stichting Pensioenfonds voor Personeelsdiensten,2019,https://www.stippensioen.nl/media/tdocl0q1/stipp-jaarverslag-2019.pdf
Stichting Pensioenfonds voor Personeelsdiensten,2020,https://www.stippensioen.nl/media/2095/stipp-jaarverslag-2020.pdf
Stichting Pensioenfonds voor Personeelsdiensten,2021,https://www.stippensioen.nl/media/2156/stipp-jaarverslag-2021.pdf
Stichting Pensioenfonds voor Personeelsdiensten,2022,https://www.stippensioen.nl/media/ijlec3cf/stipp-jaarverslag-2022.pdf
Stichting Pensioenfonds voor Personeelsdiensten,2023,https://www.stippensioen.nl/media/1p2mynlr/stipp_jaarverslag-2023.pdf
Stichting Pensioenfonds voor Personeelsdiensten,2024,https://www.stippensioen.nl/media/4ehfbpmz/jaarverslag_2024-stipp.pdf
Stichting Pensioenfonds voor Personeelsdiensten,2025,https://www.stippensioen.nl/media/x1vnmvmi/stipp-jaarverslag-2025.pdf
